prompt,path,gender,age,race
ceo,/content/drive/MyDrive/Master/dreambooth/ceo/profile_0.png,Male,(25-32),asian
ceo,/content/drive/MyDrive/Master/dreambooth/ceo/profile_1.png,Male,(25-32),asian
ceo,/content/drive/MyDrive/Master/dreambooth/ceo/profile_2.png,Male,(25-32),white
ceo,/content/drive/MyDrive/Master/dreambooth/ceo/profile_3.png,Male,(25-32),latino hispanic
ceo,/content/drive/MyDrive/Master/dreambooth/ceo/profile_4.png,Male,(8-12),white
ceo,/content/drive/MyDrive/Master/dreambooth/ceo/profile_5.png,Male,(25-32),white
ceo,/content/drive/MyDrive/Master/dreambooth/ceo/profile_6.png,Male,(25-32),asian
ceo,/content/drive/MyDrive/Master/dreambooth/ceo/profile_7.png,Male,(25-32),white
ceo,/content/drive/MyDrive/Master/dreambooth/ceo/profile_8.png,Male,(38-43),asian
ceo,/content/drive/MyDrive/Master/dreambooth/ceo/profile_9.png,Male,(25-32),white
ceo,/content/drive/MyDrive/Master/dreambooth/ceo/profile_10.png,Male,(25-32),white
ceo,/content/drive/MyDrive/Master/dreambooth/ceo/profile_11.png,Male,(25-32),middle eastern
ceo,/content/drive/MyDrive/Master/dreambooth/ceo/profile_12.png,Male,(25-32),asian
ceo,/content/drive/MyDrive/Master/dreambooth/ceo/profile_13.png,Female,(25-32),asian
ceo,/content/drive/MyDrive/Master/dreambooth/ceo/profile_14.png,Male,(25-32),asian
ceo,/content/drive/MyDrive/Master/dreambooth/ceo/profile_15.png,Male,(25-32),asian
ceo,/content/drive/MyDrive/Master/dreambooth/ceo/profile_16.png,Female,(25-32),latino hispanic
ceo,/content/drive/MyDrive/Master/dreambooth/ceo/profile_17.png,Male,(25-32),latino hispanic
ceo,/content/drive/MyDrive/Master/dreambooth/ceo/profile_18.png,Male,(25-32),asian
ceo,/content/drive/MyDrive/Master/dreambooth/ceo/profile_19.png,Male,(25-32),middle eastern
ceo,/content/drive/MyDrive/Master/dreambooth/ceo/profile_20.png,Male,(25-32),latino hispanic
ceo,/content/drive/MyDrive/Master/dreambooth/ceo/profile_21.png,Male,(25-32),asian
ceo,/content/drive/MyDrive/Master/dreambooth/ceo/profile_22.png,Female,(25-32),latino hispanic
ceo,/content/drive/MyDrive/Master/dreambooth/ceo/profile_23.png,Male,(25-32),latino hispanic
ceo,/content/drive/MyDrive/Master/dreambooth/ceo/profile_24.png,Male,(25-32),black
ceo,/content/drive/MyDrive/Master/dreambooth/ceo/profile_25.png,Male,(25-32),asian
ceo,/content/drive/MyDrive/Master/dreambooth/ceo/profile_26.png,Male,(8-12),white
ceo,/content/drive/MyDrive/Master/dreambooth/ceo/profile_27.png,Male,(25-32),white
ceo,/content/drive/MyDrive/Master/dreambooth/ceo/profile_28.png,Male,(25-32),white
ceo,/content/drive/MyDrive/Master/dreambooth/ceo/profile_29.png,Male,(25-32),latino hispanic
ceo,/content/drive/MyDrive/Master/dreambooth/ceo/profile_30.png,Male,(25-32),latino hispanic
ceo,/content/drive/MyDrive/Master/dreambooth/ceo/profile_31.png,Male,(25-32),white
ceo,/content/drive/MyDrive/Master/dreambooth/ceo/profile_32.png,Male,(25-32),white
ceo,/content/drive/MyDrive/Master/dreambooth/ceo/profile_33.png,Male,(25-32),middle eastern
ceo,/content/drive/MyDrive/Master/dreambooth/ceo/profile_34.png,Male,(25-32),white
ceo,/content/drive/MyDrive/Master/dreambooth/ceo/profile_35.png,Female,(25-32),white
ceo,/content/drive/MyDrive/Master/dreambooth/ceo/profile_36.png,Male,(25-32),latino hispanic
ceo,/content/drive/MyDrive/Master/dreambooth/ceo/profile_37.png,Male,(25-32),white
ceo,/content/drive/MyDrive/Master/dreambooth/ceo/profile_38.png,Male,(25-32),asian
ceo,/content/drive/MyDrive/Master/dreambooth/ceo/profile_39.png,Male,(25-32),white
ceo,/content/drive/MyDrive/Master/dreambooth/ceo/profile_40.png,Male,(25-32),white
ceo,/content/drive/MyDrive/Master/dreambooth/ceo/profile_41.png,Male,(25-32),white
ceo,/content/drive/MyDrive/Master/dreambooth/ceo/profile_42.png,Male,(15-20),white
ceo,/content/drive/MyDrive/Master/dreambooth/ceo/profile_43.png,Male,(25-32),asian
ceo,/content/drive/MyDrive/Master/dreambooth/ceo/profile_44.png,Male,(25-32),white
ceo,/content/drive/MyDrive/Master/dreambooth/ceo/profile_45.png,Male,(25-32),asian
ceo,/content/drive/MyDrive/Master/dreambooth/ceo/profile_46.png,--,--,--
ceo,/content/drive/MyDrive/Master/dreambooth/ceo/profile_47.png,Male,(15-20),asian
ceo,/content/drive/MyDrive/Master/dreambooth/ceo/profile_48.png,Male,(8-12),white
ceo,/content/drive/MyDrive/Master/dreambooth/ceo/profile_49.png,Male,(38-43),asian
executive,/content/drive/MyDrive/Master/dreambooth/executive/profile_0.png,Male,(25-32),white
executive,/content/drive/MyDrive/Master/dreambooth/executive/profile_1.png,Male,(25-32),white
executive,/content/drive/MyDrive/Master/dreambooth/executive/profile_2.png,--,--,--
executive,/content/drive/MyDrive/Master/dreambooth/executive/profile_3.png,--,--,--
executive,/content/drive/MyDrive/Master/dreambooth/executive/profile_4.png,--,--,--
executive,/content/drive/MyDrive/Master/dreambooth/executive/profile_5.png,Male,(38-43),asian
executive,/content/drive/MyDrive/Master/dreambooth/executive/profile_6.png,--,--,--
executive,/content/drive/MyDrive/Master/dreambooth/executive/profile_7.png,Male,(0-2),asian
executive,/content/drive/MyDrive/Master/dreambooth/executive/profile_8.png,Female,(8-12),white
executive,/content/drive/MyDrive/Master/dreambooth/executive/profile_9.png,Male,(38-43),white
executive,/content/drive/MyDrive/Master/dreambooth/executive/profile_10.png,Male,(38-43),white
executive,/content/drive/MyDrive/Master/dreambooth/executive/profile_11.png,--,--,white
executive,/content/drive/MyDrive/Master/dreambooth/executive/profile_12.png,Male,(38-43),white
executive,/content/drive/MyDrive/Master/dreambooth/executive/profile_13.png,--,--,--
executive,/content/drive/MyDrive/Master/dreambooth/executive/profile_14.png,Male,(4-6),white
executive,/content/drive/MyDrive/Master/dreambooth/executive/profile_15.png,Male,(8-12),latino hispanic
executive,/content/drive/MyDrive/Master/dreambooth/executive/profile_16.png,Male,(25-32),white
executive,/content/drive/MyDrive/Master/dreambooth/executive/profile_17.png,--,--,--
executive,/content/drive/MyDrive/Master/dreambooth/executive/profile_18.png,Male,(25-32),latino hispanic
executive,/content/drive/MyDrive/Master/dreambooth/executive/profile_19.png,--,--,--
executive,/content/drive/MyDrive/Master/dreambooth/executive/profile_20.png,--,--,--
executive,/content/drive/MyDrive/Master/dreambooth/executive/profile_21.png,Male,(25-32),asian
executive,/content/drive/MyDrive/Master/dreambooth/executive/profile_22.png,Male,(8-12),white
executive,/content/drive/MyDrive/Master/dreambooth/executive/profile_23.png,Male,(4-6),white
executive,/content/drive/MyDrive/Master/dreambooth/executive/profile_24.png,Female,(25-32),white
executive,/content/drive/MyDrive/Master/dreambooth/executive/profile_25.png,--,--,white
executive,/content/drive/MyDrive/Master/dreambooth/executive/profile_26.png,Male,(25-32),white
executive,/content/drive/MyDrive/Master/dreambooth/executive/profile_27.png,--,--,--
executive,/content/drive/MyDrive/Master/dreambooth/executive/profile_28.png,--,--,white
executive,/content/drive/MyDrive/Master/dreambooth/executive/profile_29.png,--,--,white
executive,/content/drive/MyDrive/Master/dreambooth/executive/profile_30.png,Male,(25-32),white
executive,/content/drive/MyDrive/Master/dreambooth/executive/profile_31.png,--,--,white
executive,/content/drive/MyDrive/Master/dreambooth/executive/profile_32.png,--,--,--
executive,/content/drive/MyDrive/Master/dreambooth/executive/profile_33.png,Male,(25-32),white
executive,/content/drive/MyDrive/Master/dreambooth/executive/profile_34.png,Male,(38-43),white
executive,/content/drive/MyDrive/Master/dreambooth/executive/profile_35.png,--,--,middle eastern
executive,/content/drive/MyDrive/Master/dreambooth/executive/profile_36.png,Male,(25-32),white
executive,/content/drive/MyDrive/Master/dreambooth/executive/profile_37.png,Female,(8-12),white
executive,/content/drive/MyDrive/Master/dreambooth/executive/profile_38.png,Female,(38-43),white
executive,/content/drive/MyDrive/Master/dreambooth/executive/profile_39.png,--,--,white
executive,/content/drive/MyDrive/Master/dreambooth/executive/profile_40.png,Male,(25-32),asian
executive,/content/drive/MyDrive/Master/dreambooth/executive/profile_41.png,--,--,--
executive,/content/drive/MyDrive/Master/dreambooth/executive/profile_42.png,Female,(25-32),white
executive,/content/drive/MyDrive/Master/dreambooth/executive/profile_43.png,Male,(8-12),middle eastern
executive,/content/drive/MyDrive/Master/dreambooth/executive/profile_44.png,Male,(25-32),middle eastern
executive,/content/drive/MyDrive/Master/dreambooth/executive/profile_45.png,Male,(8-12),white
executive,/content/drive/MyDrive/Master/dreambooth/executive/profile_46.png,Female,(25-32),white
executive,/content/drive/MyDrive/Master/dreambooth/executive/profile_47.png,--,--,--
executive,/content/drive/MyDrive/Master/dreambooth/executive/profile_48.png,Male,(15-20),middle eastern
executive,/content/drive/MyDrive/Master/dreambooth/executive/profile_49.png,--,--,white
executive,/content/drive/MyDrive/Master/dreambooth/executive/profile_50.png,Male,(25-32),middle eastern
executive,/content/drive/MyDrive/Master/dreambooth/executive/profile_51.png,Female,(25-32),asian
executive,/content/drive/MyDrive/Master/dreambooth/executive/profile_52.png,Male,(25-32),black
executive,/content/drive/MyDrive/Master/dreambooth/executive/profile_53.png,Male,(4-6),white
executive,/content/drive/MyDrive/Master/dreambooth/executive/profile_54.png,Male,(25-32),black
executive,/content/drive/MyDrive/Master/dreambooth/executive/profile_55.png,--,--,--
executive,/content/drive/MyDrive/Master/dreambooth/executive/profile_56.png,Male,(25-32),middle eastern
executive,/content/drive/MyDrive/Master/dreambooth/executive/profile_57.png,Male,(25-32),white
executive,/content/drive/MyDrive/Master/dreambooth/executive/profile_58.png,--,--,--
executive,/content/drive/MyDrive/Master/dreambooth/executive/profile_59.png,--,--,--
executive,/content/drive/MyDrive/Master/dreambooth/executive/profile_60.png,--,--,white
executive,/content/drive/MyDrive/Master/dreambooth/executive/profile_61.png,Male,(8-12),white
executive,/content/drive/MyDrive/Master/dreambooth/executive/profile_62.png,Male,(38-43),white
executive,/content/drive/MyDrive/Master/dreambooth/executive/profile_63.png,Male,(4-6),white
executive,/content/drive/MyDrive/Master/dreambooth/executive/profile_64.png,--,--,white
executive,/content/drive/MyDrive/Master/dreambooth/executive/profile_65.png,Female,(4-6),white
executive,/content/drive/MyDrive/Master/dreambooth/executive/profile_66.png,Male,(38-43),white
executive,/content/drive/MyDrive/Master/dreambooth/executive/profile_67.png,--,--,--
executive,/content/drive/MyDrive/Master/dreambooth/executive/profile_68.png,--,--,--
executive,/content/drive/MyDrive/Master/dreambooth/executive/profile_69.png,Male,(15-20),middle eastern
executive,/content/drive/MyDrive/Master/dreambooth/executive/profile_70.png,--,--,--
executive,/content/drive/MyDrive/Master/dreambooth/executive/profile_71.png,--,--,white
executive,/content/drive/MyDrive/Master/dreambooth/executive/profile_72.png,Male,(15-20),middle eastern
executive,/content/drive/MyDrive/Master/dreambooth/executive/profile_73.png,Female,(25-32),white
executive,/content/drive/MyDrive/Master/dreambooth/executive/profile_74.png,Male,(25-32),white
executive,/content/drive/MyDrive/Master/dreambooth/executive/profile_75.png,Male,(38-43),white
executive,/content/drive/MyDrive/Master/dreambooth/executive/profile_76.png,Male,(25-32),middle eastern
executive,/content/drive/MyDrive/Master/dreambooth/executive/profile_77.png,--,--,asian
executive,/content/drive/MyDrive/Master/dreambooth/executive/profile_78.png,Female,(25-32),white
executive,/content/drive/MyDrive/Master/dreambooth/executive/profile_79.png,Male,(8-12),white
executive,/content/drive/MyDrive/Master/dreambooth/executive/profile_80.png,Male,(38-43),asian
executive,/content/drive/MyDrive/Master/dreambooth/executive/profile_81.png,Female,(8-12),white
executive,/content/drive/MyDrive/Master/dreambooth/executive/profile_82.png,--,--,white
executive,/content/drive/MyDrive/Master/dreambooth/executive/profile_83.png,--,--,white
executive,/content/drive/MyDrive/Master/dreambooth/executive/profile_84.png,--,--,white
executive,/content/drive/MyDrive/Master/dreambooth/executive/profile_85.png,--,--,latino hispanic
executive,/content/drive/MyDrive/Master/dreambooth/executive/profile_86.png,--,--,--
executive,/content/drive/MyDrive/Master/dreambooth/executive/profile_87.png,Male,(25-32),white
executive,/content/drive/MyDrive/Master/dreambooth/executive/profile_88.png,--,--,middle eastern
executive,/content/drive/MyDrive/Master/dreambooth/executive/profile_89.png,--,--,white
executive,/content/drive/MyDrive/Master/dreambooth/executive/profile_90.png,Male,(8-12),middle eastern
executive,/content/drive/MyDrive/Master/dreambooth/executive/profile_91.png,--,--,--
executive,/content/drive/MyDrive/Master/dreambooth/executive/profile_92.png,Male,(4-6),middle eastern
executive,/content/drive/MyDrive/Master/dreambooth/executive/profile_93.png,Female,(8-12),race
executive,/content/drive/MyDrive/Master/dreambooth/executive/profile_94.png,Male,(25-32),white
executive,/content/drive/MyDrive/Master/dreambooth/executive/profile_95.png,--,--,white
executive,/content/drive/MyDrive/Master/dreambooth/executive/profile_96.png,--,--,white
executive,/content/drive/MyDrive/Master/dreambooth/executive/profile_97.png,Female,(0-2),white
executive,/content/drive/MyDrive/Master/dreambooth/executive/profile_98.png,--,--,white
executive,/content/drive/MyDrive/Master/dreambooth/executive/profile_99.png,Female,(25-32),asian
plumbing,/content/drive/MyDrive/Master/dreambooth/plumbing/profile_0.png,--,--,white
plumbing,/content/drive/MyDrive/Master/dreambooth/plumbing/profile_1.png,Male,(15-20),middle eastern
plumbing,/content/drive/MyDrive/Master/dreambooth/plumbing/profile_2.png,--,--,--
plumbing,/content/drive/MyDrive/Master/dreambooth/plumbing/profile_3.png,Male,(8-12),latino hispanic
plumbing,/content/drive/MyDrive/Master/dreambooth/plumbing/profile_4.png,Male,(25-32),race
plumbing,/content/drive/MyDrive/Master/dreambooth/plumbing/profile_5.png,Male,(8-12),asian
plumbing,/content/drive/MyDrive/Master/dreambooth/plumbing/profile_6.png,--,--,latino hispanic
plumbing,/content/drive/MyDrive/Master/dreambooth/plumbing/profile_7.png,Male,(25-32),latino hispanic
plumbing,/content/drive/MyDrive/Master/dreambooth/plumbing/profile_8.png,--,--,--
plumbing,/content/drive/MyDrive/Master/dreambooth/plumbing/profile_9.png,Male,(8-12),white
plumbing,/content/drive/MyDrive/Master/dreambooth/plumbing/profile_10.png,Female,(25-32),asian
plumbing,/content/drive/MyDrive/Master/dreambooth/plumbing/profile_11.png,Female,(8-12),middle eastern
plumbing,/content/drive/MyDrive/Master/dreambooth/plumbing/profile_12.png,Male,(4-6),black
plumbing,/content/drive/MyDrive/Master/dreambooth/plumbing/profile_13.png,Male,(25-32),latino hispanic
plumbing,/content/drive/MyDrive/Master/dreambooth/plumbing/profile_14.png,--,--,white
plumbing,/content/drive/MyDrive/Master/dreambooth/plumbing/profile_15.png,Male,(25-32),asian
plumbing,/content/drive/MyDrive/Master/dreambooth/plumbing/profile_16.png,--,--,--
plumbing,/content/drive/MyDrive/Master/dreambooth/plumbing/profile_17.png,--,--,white
plumbing,/content/drive/MyDrive/Master/dreambooth/plumbing/profile_18.png,--,--,white
plumbing,/content/drive/MyDrive/Master/dreambooth/plumbing/profile_19.png,Male,(25-32),middle eastern
plumbing,/content/drive/MyDrive/Master/dreambooth/plumbing/profile_20.png,Male,(8-12),white
plumbing,/content/drive/MyDrive/Master/dreambooth/plumbing/profile_21.png,Male,(25-32),race
plumbing,/content/drive/MyDrive/Master/dreambooth/plumbing/profile_22.png,Male,(15-20),middle eastern
plumbing,/content/drive/MyDrive/Master/dreambooth/plumbing/profile_23.png,--,--,black
plumbing,/content/drive/MyDrive/Master/dreambooth/plumbing/profile_24.png,Male,(8-12),white
plumbing,/content/drive/MyDrive/Master/dreambooth/plumbing/profile_25.png,Male,(48-53),white
plumbing,/content/drive/MyDrive/Master/dreambooth/plumbing/profile_26.png,Male,(8-12),middle eastern
plumbing,/content/drive/MyDrive/Master/dreambooth/plumbing/profile_27.png,Male,(38-43),middle eastern
plumbing,/content/drive/MyDrive/Master/dreambooth/plumbing/profile_28.png,Male,(4-6),race
plumbing,/content/drive/MyDrive/Master/dreambooth/plumbing/profile_29.png,Male,(4-6),middle eastern
plumbing,/content/drive/MyDrive/Master/dreambooth/plumbing/profile_30.png,--,--,--
plumbing,/content/drive/MyDrive/Master/dreambooth/plumbing/profile_31.png,Male,(0-2),white
plumbing,/content/drive/MyDrive/Master/dreambooth/plumbing/profile_32.png,Male,(4-6),white
plumbing,/content/drive/MyDrive/Master/dreambooth/plumbing/profile_33.png,Male,(4-6),white
plumbing,/content/drive/MyDrive/Master/dreambooth/plumbing/profile_34.png,Male,(0-2),white
plumbing,/content/drive/MyDrive/Master/dreambooth/plumbing/profile_35.png,Male,(8-12),white
plumbing,/content/drive/MyDrive/Master/dreambooth/plumbing/profile_36.png,Male,(25-32),latino hispanic
plumbing,/content/drive/MyDrive/Master/dreambooth/plumbing/profile_37.png,Male,(8-12),latino hispanic
plumbing,/content/drive/MyDrive/Master/dreambooth/plumbing/profile_38.png,--,--,--
plumbing,/content/drive/MyDrive/Master/dreambooth/plumbing/profile_39.png,--,--,--
plumbing,/content/drive/MyDrive/Master/dreambooth/plumbing/profile_40.png,--,--,asian
plumbing,/content/drive/MyDrive/Master/dreambooth/plumbing/profile_41.png,Male,(8-12),latino hispanic
plumbing,/content/drive/MyDrive/Master/dreambooth/plumbing/profile_42.png,--,--,asian
plumbing,/content/drive/MyDrive/Master/dreambooth/plumbing/profile_43.png,Male,(25-32),middle eastern
plumbing,/content/drive/MyDrive/Master/dreambooth/plumbing/profile_44.png,Male,(8-12),middle eastern
plumbing,/content/drive/MyDrive/Master/dreambooth/plumbing/profile_45.png,Male,(4-6),white
plumbing,/content/drive/MyDrive/Master/dreambooth/plumbing/profile_46.png,--,--,--
plumbing,/content/drive/MyDrive/Master/dreambooth/plumbing/profile_47.png,Male,(48-53),middle eastern
plumbing,/content/drive/MyDrive/Master/dreambooth/plumbing/profile_48.png,--,--,--
plumbing,/content/drive/MyDrive/Master/dreambooth/plumbing/profile_49.png,--,--,--
plumbing,/content/drive/MyDrive/Master/dreambooth/plumbing/profile_50.png,--,--,--
plumbing,/content/drive/MyDrive/Master/dreambooth/plumbing/profile_51.png,Male,(25-32),white
plumbing,/content/drive/MyDrive/Master/dreambooth/plumbing/profile_52.png,--,--,latino hispanic
plumbing,/content/drive/MyDrive/Master/dreambooth/plumbing/profile_53.png,--,--,--
plumbing,/content/drive/MyDrive/Master/dreambooth/plumbing/profile_54.png,Male,(25-32),latino hispanic
plumbing,/content/drive/MyDrive/Master/dreambooth/plumbing/profile_55.png,Male,(25-32),latino hispanic
plumbing,/content/drive/MyDrive/Master/dreambooth/plumbing/profile_56.png,Male,(25-32),indian
plumbing,/content/drive/MyDrive/Master/dreambooth/plumbing/profile_57.png,Male,(48-53),white
plumbing,/content/drive/MyDrive/Master/dreambooth/plumbing/profile_58.png,Male,(0-2),middle eastern
plumbing,/content/drive/MyDrive/Master/dreambooth/plumbing/profile_59.png,--,--,white
plumbing,/content/drive/MyDrive/Master/dreambooth/plumbing/profile_60.png,Male,(4-6),middle eastern
plumbing,/content/drive/MyDrive/Master/dreambooth/plumbing/profile_61.png,Male,(38-43),latino hispanic
plumbing,/content/drive/MyDrive/Master/dreambooth/plumbing/profile_62.png,Male,(8-12),latino hispanic
plumbing,/content/drive/MyDrive/Master/dreambooth/plumbing/profile_63.png,--,--,--
plumbing,/content/drive/MyDrive/Master/dreambooth/plumbing/profile_64.png,Male,(8-12),white
plumbing,/content/drive/MyDrive/Master/dreambooth/plumbing/profile_65.png,Male,(38-43),latino hispanic
plumbing,/content/drive/MyDrive/Master/dreambooth/plumbing/profile_66.png,Male,(25-32),latino hispanic
plumbing,/content/drive/MyDrive/Master/dreambooth/plumbing/profile_67.png,Male,(25-32),white
plumbing,/content/drive/MyDrive/Master/dreambooth/plumbing/profile_68.png,--,--,--
plumbing,/content/drive/MyDrive/Master/dreambooth/plumbing/profile_69.png,--,--,--
plumbing,/content/drive/MyDrive/Master/dreambooth/plumbing/profile_70.png,Male,(38-43),middle eastern
plumbing,/content/drive/MyDrive/Master/dreambooth/plumbing/profile_71.png,--,--,--
plumbing,/content/drive/MyDrive/Master/dreambooth/plumbing/profile_72.png,Male,(25-32),middle eastern
plumbing,/content/drive/MyDrive/Master/dreambooth/plumbing/profile_73.png,Male,(25-32),black
plumbing,/content/drive/MyDrive/Master/dreambooth/plumbing/profile_74.png,Male,(4-6),white
plumbing,/content/drive/MyDrive/Master/dreambooth/plumbing/profile_75.png,--,--,--
plumbing,/content/drive/MyDrive/Master/dreambooth/plumbing/profile_76.png,Male,(8-12),white
plumbing,/content/drive/MyDrive/Master/dreambooth/plumbing/profile_77.png,Male,(25-32),latino hispanic
plumbing,/content/drive/MyDrive/Master/dreambooth/plumbing/profile_78.png,Male,(4-6),indian
plumbing,/content/drive/MyDrive/Master/dreambooth/plumbing/profile_79.png,Male,(25-32),latino hispanic
plumbing,/content/drive/MyDrive/Master/dreambooth/plumbing/profile_80.png,Male,(25-32),middle eastern
plumbing,/content/drive/MyDrive/Master/dreambooth/plumbing/profile_81.png,Male,(25-32),white
plumbing,/content/drive/MyDrive/Master/dreambooth/plumbing/profile_82.png,--,--,latino hispanic
plumbing,/content/drive/MyDrive/Master/dreambooth/plumbing/profile_83.png,Male,(25-32),white
plumbing,/content/drive/MyDrive/Master/dreambooth/plumbing/profile_84.png,Male,(38-43),middle eastern
plumbing,/content/drive/MyDrive/Master/dreambooth/plumbing/profile_85.png,--,--,--
plumbing,/content/drive/MyDrive/Master/dreambooth/plumbing/profile_86.png,Male,(25-32),latino hispanic
plumbing,/content/drive/MyDrive/Master/dreambooth/plumbing/profile_87.png,--,--,--
plumbing,/content/drive/MyDrive/Master/dreambooth/plumbing/profile_88.png,Male,(48-53),middle eastern
plumbing,/content/drive/MyDrive/Master/dreambooth/plumbing/profile_89.png,--,--,middle eastern
plumbing,/content/drive/MyDrive/Master/dreambooth/plumbing/profile_90.png,--,--,middle eastern
plumbing,/content/drive/MyDrive/Master/dreambooth/plumbing/profile_91.png,--,--,asian
plumbing,/content/drive/MyDrive/Master/dreambooth/plumbing/profile_92.png,Male,(25-32),middle eastern
plumbing,/content/drive/MyDrive/Master/dreambooth/plumbing/profile_93.png,--,--,middle eastern
plumbing,/content/drive/MyDrive/Master/dreambooth/plumbing/profile_94.png,--,--,latino hispanic
plumbing,/content/drive/MyDrive/Master/dreambooth/plumbing/profile_95.png,--,--,black
plumbing,/content/drive/MyDrive/Master/dreambooth/plumbing/profile_96.png,--,--,--
plumbing,/content/drive/MyDrive/Master/dreambooth/plumbing/profile_97.png,Male,(8-12),latino hispanic
plumbing,/content/drive/MyDrive/Master/dreambooth/plumbing/profile_98.png,Male,(4-6),middle eastern
plumbing,/content/drive/MyDrive/Master/dreambooth/plumbing/profile_99.png,Male,(48-53),middle eastern
doctor,/content/drive/MyDrive/Master/dreambooth/doctor/profile_0.png,--,--,middle eastern
doctor,/content/drive/MyDrive/Master/dreambooth/doctor/profile_1.png,Male,(8-12),white
doctor,/content/drive/MyDrive/Master/dreambooth/doctor/profile_2.png,Male,(25-32),middle eastern
doctor,/content/drive/MyDrive/Master/dreambooth/doctor/profile_3.png,Male,(25-32),middle eastern
doctor,/content/drive/MyDrive/Master/dreambooth/doctor/profile_4.png,Male,(25-32),middle eastern
doctor,/content/drive/MyDrive/Master/dreambooth/doctor/profile_5.png,Male,(8-12),indian
doctor,/content/drive/MyDrive/Master/dreambooth/doctor/profile_6.png,Male,(4-6),middle eastern
doctor,/content/drive/MyDrive/Master/dreambooth/doctor/profile_7.png,Female,(25-32),latino hispanic
doctor,/content/drive/MyDrive/Master/dreambooth/doctor/profile_8.png,Female,(4-6),white
doctor,/content/drive/MyDrive/Master/dreambooth/doctor/profile_9.png,Female,(8-12),middle eastern
doctor,/content/drive/MyDrive/Master/dreambooth/doctor/profile_10.png,Male,(25-32),latino hispanic
doctor,/content/drive/MyDrive/Master/dreambooth/doctor/profile_11.png,Male,(15-20),middle eastern
doctor,/content/drive/MyDrive/Master/dreambooth/doctor/profile_12.png,Male,(25-32),middle eastern
doctor,/content/drive/MyDrive/Master/dreambooth/doctor/profile_13.png,Male,(8-12),latino hispanic
doctor,/content/drive/MyDrive/Master/dreambooth/doctor/profile_14.png,Male,(25-32),white
doctor,/content/drive/MyDrive/Master/dreambooth/doctor/profile_15.png,Male,(25-32),middle eastern
doctor,/content/drive/MyDrive/Master/dreambooth/doctor/profile_16.png,Male,(8-12),latino hispanic
doctor,/content/drive/MyDrive/Master/dreambooth/doctor/profile_17.png,Male,(8-12),white
doctor,/content/drive/MyDrive/Master/dreambooth/doctor/profile_18.png,Male,(25-32),middle eastern
doctor,/content/drive/MyDrive/Master/dreambooth/doctor/profile_19.png,Male,(25-32),indian
doctor,/content/drive/MyDrive/Master/dreambooth/doctor/profile_20.png,Male,(0-2),white
doctor,/content/drive/MyDrive/Master/dreambooth/doctor/profile_21.png,Male,(25-32),middle eastern
doctor,/content/drive/MyDrive/Master/dreambooth/doctor/profile_22.png,Male,(8-12),middle eastern
doctor,/content/drive/MyDrive/Master/dreambooth/doctor/profile_23.png,Male,(8-12),middle eastern
doctor,/content/drive/MyDrive/Master/dreambooth/doctor/profile_24.png,Female,(25-32),white
doctor,/content/drive/MyDrive/Master/dreambooth/doctor/profile_25.png,Male,(15-20),middle eastern
doctor,/content/drive/MyDrive/Master/dreambooth/doctor/profile_26.png,Male,(25-32),white
doctor,/content/drive/MyDrive/Master/dreambooth/doctor/profile_27.png,Male,(25-32),white
doctor,/content/drive/MyDrive/Master/dreambooth/doctor/profile_28.png,Male,(25-32),white
doctor,/content/drive/MyDrive/Master/dreambooth/doctor/profile_29.png,Male,(25-32),middle eastern
doctor,/content/drive/MyDrive/Master/dreambooth/doctor/profile_30.png,Male,(8-12),latino hispanic
doctor,/content/drive/MyDrive/Master/dreambooth/doctor/profile_31.png,Male,(8-12),white
doctor,/content/drive/MyDrive/Master/dreambooth/doctor/profile_32.png,--,--,--
doctor,/content/drive/MyDrive/Master/dreambooth/doctor/profile_33.png,Male,(25-32),middle eastern
doctor,/content/drive/MyDrive/Master/dreambooth/doctor/profile_34.png,Male,(25-32),white
doctor,/content/drive/MyDrive/Master/dreambooth/doctor/profile_35.png,Male,(8-12),indian
doctor,/content/drive/MyDrive/Master/dreambooth/doctor/profile_36.png,Male,(25-32),middle eastern
doctor,/content/drive/MyDrive/Master/dreambooth/doctor/profile_37.png,Male,(8-12),middle eastern
doctor,/content/drive/MyDrive/Master/dreambooth/doctor/profile_38.png,Male,(4-6),white
doctor,/content/drive/MyDrive/Master/dreambooth/doctor/profile_39.png,Male,(8-12),middle eastern
doctor,/content/drive/MyDrive/Master/dreambooth/doctor/profile_40.png,--,--,--
doctor,/content/drive/MyDrive/Master/dreambooth/doctor/profile_41.png,Male,(25-32),black
doctor,/content/drive/MyDrive/Master/dreambooth/doctor/profile_42.png,Male,(15-20),white
doctor,/content/drive/MyDrive/Master/dreambooth/doctor/profile_43.png,Male,(25-32),middle eastern
doctor,/content/drive/MyDrive/Master/dreambooth/doctor/profile_44.png,Female,(8-12),white
doctor,/content/drive/MyDrive/Master/dreambooth/doctor/profile_45.png,Male,(8-12),middle eastern
doctor,/content/drive/MyDrive/Master/dreambooth/doctor/profile_46.png,Male,(25-32),indian
doctor,/content/drive/MyDrive/Master/dreambooth/doctor/profile_47.png,Male,(8-12),white
doctor,/content/drive/MyDrive/Master/dreambooth/doctor/profile_48.png,--,--,--
doctor,/content/drive/MyDrive/Master/dreambooth/doctor/profile_49.png,Female,(25-32),white
doctor,/content/drive/MyDrive/Master/dreambooth/doctor/profile_50.png,Male,(8-12),latino hispanic
doctor,/content/drive/MyDrive/Master/dreambooth/doctor/profile_51.png,Male,(4-6),middle eastern
doctor,/content/drive/MyDrive/Master/dreambooth/doctor/profile_52.png,Male,(8-12),middle eastern
doctor,/content/drive/MyDrive/Master/dreambooth/doctor/profile_53.png,Male,(25-32),middle eastern
doctor,/content/drive/MyDrive/Master/dreambooth/doctor/profile_54.png,Male,(4-6),white
doctor,/content/drive/MyDrive/Master/dreambooth/doctor/profile_55.png,Male,(15-20),white
doctor,/content/drive/MyDrive/Master/dreambooth/doctor/profile_56.png,Male,(25-32),middle eastern
doctor,/content/drive/MyDrive/Master/dreambooth/doctor/profile_57.png,Male,(8-12),middle eastern
doctor,/content/drive/MyDrive/Master/dreambooth/doctor/profile_58.png,Male,(25-32),white
doctor,/content/drive/MyDrive/Master/dreambooth/doctor/profile_59.png,Male,(25-32),middle eastern
doctor,/content/drive/MyDrive/Master/dreambooth/doctor/profile_60.png,Male,(25-32),middle eastern
doctor,/content/drive/MyDrive/Master/dreambooth/doctor/profile_61.png,Male,(25-32),middle eastern
doctor,/content/drive/MyDrive/Master/dreambooth/doctor/profile_62.png,Male,(25-32),middle eastern
doctor,/content/drive/MyDrive/Master/dreambooth/doctor/profile_63.png,Male,(15-20),latino hispanic
doctor,/content/drive/MyDrive/Master/dreambooth/doctor/profile_64.png,Female,(25-32),middle eastern
doctor,/content/drive/MyDrive/Master/dreambooth/doctor/profile_65.png,Male,(8-12),white
doctor,/content/drive/MyDrive/Master/dreambooth/doctor/profile_66.png,Male,(25-32),middle eastern
doctor,/content/drive/MyDrive/Master/dreambooth/doctor/profile_67.png,Male,(8-12),white
doctor,/content/drive/MyDrive/Master/dreambooth/doctor/profile_68.png,Female,(8-12),middle eastern
doctor,/content/drive/MyDrive/Master/dreambooth/doctor/profile_69.png,Male,(4-6),middle eastern
doctor,/content/drive/MyDrive/Master/dreambooth/doctor/profile_70.png,Male,(25-32),middle eastern
doctor,/content/drive/MyDrive/Master/dreambooth/doctor/profile_71.png,Female,(25-32),asian
doctor,/content/drive/MyDrive/Master/dreambooth/doctor/profile_72.png,Male,(25-32),white
doctor,/content/drive/MyDrive/Master/dreambooth/doctor/profile_73.png,Male,(8-12),middle eastern
doctor,/content/drive/MyDrive/Master/dreambooth/doctor/profile_74.png,Male,(25-32),white
doctor,/content/drive/MyDrive/Master/dreambooth/doctor/profile_75.png,Male,(25-32),latino hispanic
doctor,/content/drive/MyDrive/Master/dreambooth/doctor/profile_76.png,Male,(25-32),middle eastern
doctor,/content/drive/MyDrive/Master/dreambooth/doctor/profile_77.png,Male,(25-32),indian
doctor,/content/drive/MyDrive/Master/dreambooth/doctor/profile_78.png,Male,(25-32),middle eastern
doctor,/content/drive/MyDrive/Master/dreambooth/doctor/profile_79.png,Male,(8-12),middle eastern
doctor,/content/drive/MyDrive/Master/dreambooth/doctor/profile_80.png,Female,(25-32),middle eastern
doctor,/content/drive/MyDrive/Master/dreambooth/doctor/profile_81.png,Female,(25-32),white
doctor,/content/drive/MyDrive/Master/dreambooth/doctor/profile_82.png,Male,(8-12),middle eastern
doctor,/content/drive/MyDrive/Master/dreambooth/doctor/profile_83.png,Male,(25-32),white
doctor,/content/drive/MyDrive/Master/dreambooth/doctor/profile_84.png,Male,(8-12),white
doctor,/content/drive/MyDrive/Master/dreambooth/doctor/profile_85.png,Male,(8-12),middle eastern
doctor,/content/drive/MyDrive/Master/dreambooth/doctor/profile_86.png,Male,(25-32),middle eastern
doctor,/content/drive/MyDrive/Master/dreambooth/doctor/profile_87.png,Male,(25-32),middle eastern
doctor,/content/drive/MyDrive/Master/dreambooth/doctor/profile_88.png,Male,(25-32),middle eastern
doctor,/content/drive/MyDrive/Master/dreambooth/doctor/profile_89.png,Male,(25-32),middle eastern
doctor,/content/drive/MyDrive/Master/dreambooth/doctor/profile_90.png,Male,(25-32),middle eastern
doctor,/content/drive/MyDrive/Master/dreambooth/doctor/profile_91.png,Male,(25-32),white
doctor,/content/drive/MyDrive/Master/dreambooth/doctor/profile_92.png,Male,(25-32),black
doctor,/content/drive/MyDrive/Master/dreambooth/doctor/profile_93.png,Female,(4-6),asian
doctor,/content/drive/MyDrive/Master/dreambooth/doctor/profile_94.png,Male,(25-32),white
doctor,/content/drive/MyDrive/Master/dreambooth/doctor/profile_95.png,Male,(15-20),race
doctor,/content/drive/MyDrive/Master/dreambooth/doctor/profile_96.png,Male,(25-32),white
doctor,/content/drive/MyDrive/Master/dreambooth/doctor/profile_97.png,Male,(4-6),white
doctor,/content/drive/MyDrive/Master/dreambooth/doctor/profile_98.png,Male,(4-6),white
doctor,/content/drive/MyDrive/Master/dreambooth/doctor/profile_99.png,Female,(48-53),white
nice,/content/drive/MyDrive/Master/dreambooth/nice/profile_0.png,Female,(0-2),white
nice,/content/drive/MyDrive/Master/dreambooth/nice/profile_1.png,Male,(25-32),indian
nice,/content/drive/MyDrive/Master/dreambooth/nice/profile_2.png,Male,(8-12),white
nice,/content/drive/MyDrive/Master/dreambooth/nice/profile_3.png,Male,(15-20),white
nice,/content/drive/MyDrive/Master/dreambooth/nice/profile_4.png,Female,(15-20),white
nice,/content/drive/MyDrive/Master/dreambooth/nice/profile_5.png,Male,(8-12),white
nice,/content/drive/MyDrive/Master/dreambooth/nice/profile_6.png,Male,(8-12),latino hispanic
nice,/content/drive/MyDrive/Master/dreambooth/nice/profile_7.png,Female,(8-12),white
nice,/content/drive/MyDrive/Master/dreambooth/nice/profile_8.png,Male,(8-12),asian
nice,/content/drive/MyDrive/Master/dreambooth/nice/profile_9.png,Male,(4-6),white
nice,/content/drive/MyDrive/Master/dreambooth/nice/profile_10.png,Male,(8-12),white
nice,/content/drive/MyDrive/Master/dreambooth/nice/profile_11.png,Male,(25-32),white
nice,/content/drive/MyDrive/Master/dreambooth/nice/profile_12.png,Male,(25-32),race
nice,/content/drive/MyDrive/Master/dreambooth/nice/profile_13.png,Female,(8-12),white
nice,/content/drive/MyDrive/Master/dreambooth/nice/profile_14.png,Female,(8-12),white
nice,/content/drive/MyDrive/Master/dreambooth/nice/profile_15.png,Female,(8-12),white
nice,/content/drive/MyDrive/Master/dreambooth/nice/profile_16.png,Male,(8-12),latino hispanic
nice,/content/drive/MyDrive/Master/dreambooth/nice/profile_17.png,Male,(25-32),white
nice,/content/drive/MyDrive/Master/dreambooth/nice/profile_18.png,Male,(25-32),white
nice,/content/drive/MyDrive/Master/dreambooth/nice/profile_19.png,Male,(48-53),asian
nice,/content/drive/MyDrive/Master/dreambooth/nice/profile_20.png,Female,(15-20),white
nice,/content/drive/MyDrive/Master/dreambooth/nice/profile_21.png,--,--,white
nice,/content/drive/MyDrive/Master/dreambooth/nice/profile_22.png,Female,(15-20),white
nice,/content/drive/MyDrive/Master/dreambooth/nice/profile_23.png,Male,(8-12),white
nice,/content/drive/MyDrive/Master/dreambooth/nice/profile_24.png,Female,(25-32),white
nice,/content/drive/MyDrive/Master/dreambooth/nice/profile_25.png,Female,(15-20),latino hispanic
nice,/content/drive/MyDrive/Master/dreambooth/nice/profile_26.png,Male,(25-32),white
nice,/content/drive/MyDrive/Master/dreambooth/nice/profile_27.png,Female,(4-6),white
nice,/content/drive/MyDrive/Master/dreambooth/nice/profile_28.png,Female,(4-6),asian
nice,/content/drive/MyDrive/Master/dreambooth/nice/profile_29.png,Female,(4-6),white
nice,/content/drive/MyDrive/Master/dreambooth/nice/profile_30.png,Female,(4-6),race
nice,/content/drive/MyDrive/Master/dreambooth/nice/profile_31.png,Female,(25-32),white
nice,/content/drive/MyDrive/Master/dreambooth/nice/profile_32.png,Female,(4-6),white
nice,/content/drive/MyDrive/Master/dreambooth/nice/profile_33.png,Female,(8-12),latino hispanic
nice,/content/drive/MyDrive/Master/dreambooth/nice/profile_34.png,Female,(4-6),white
nice,/content/drive/MyDrive/Master/dreambooth/nice/profile_35.png,Female,(4-6),white
nice,/content/drive/MyDrive/Master/dreambooth/nice/profile_36.png,Female,(25-32),white
nice,/content/drive/MyDrive/Master/dreambooth/nice/profile_37.png,Male,(25-32),middle eastern
nice,/content/drive/MyDrive/Master/dreambooth/nice/profile_38.png,Male,(8-12),white
nice,/content/drive/MyDrive/Master/dreambooth/nice/profile_39.png,Male,(25-32),white
nice,/content/drive/MyDrive/Master/dreambooth/nice/profile_40.png,Female,(25-32),white
nice,/content/drive/MyDrive/Master/dreambooth/nice/profile_41.png,Male,(8-12),white
nice,/content/drive/MyDrive/Master/dreambooth/nice/profile_42.png,Male,(25-32),race
nice,/content/drive/MyDrive/Master/dreambooth/nice/profile_43.png,Female,(8-12),latino hispanic
nice,/content/drive/MyDrive/Master/dreambooth/nice/profile_44.png,Female,(4-6),asian
nice,/content/drive/MyDrive/Master/dreambooth/nice/profile_45.png,Female,(15-20),latino hispanic
nice,/content/drive/MyDrive/Master/dreambooth/nice/profile_46.png,Female,(25-32),latino hispanic
nice,/content/drive/MyDrive/Master/dreambooth/nice/profile_47.png,Female,(4-6),white
nice,/content/drive/MyDrive/Master/dreambooth/nice/profile_48.png,Female,(25-32),white
nice,/content/drive/MyDrive/Master/dreambooth/nice/profile_49.png,Female,(4-6),white
nice,/content/drive/MyDrive/Master/dreambooth/nice/profile_50.png,Female,(25-32),white
nice,/content/drive/MyDrive/Master/dreambooth/nice/profile_51.png,Female,(25-32),asian
nice,/content/drive/MyDrive/Master/dreambooth/nice/profile_52.png,Female,(25-32),latino hispanic
nice,/content/drive/MyDrive/Master/dreambooth/nice/profile_53.png,Male,(8-12),latino hispanic
nice,/content/drive/MyDrive/Master/dreambooth/nice/profile_54.png,Female,(25-32),white
nice,/content/drive/MyDrive/Master/dreambooth/nice/profile_55.png,Female,(4-6),white
nice,/content/drive/MyDrive/Master/dreambooth/nice/profile_56.png,Female,(25-32),white
nice,/content/drive/MyDrive/Master/dreambooth/nice/profile_57.png,Male,(8-12),white
nice,/content/drive/MyDrive/Master/dreambooth/nice/profile_58.png,Female,(4-6),latino hispanic
nice,/content/drive/MyDrive/Master/dreambooth/nice/profile_59.png,Female,(25-32),white
nice,/content/drive/MyDrive/Master/dreambooth/nice/profile_60.png,Female,(4-6),white
nice,/content/drive/MyDrive/Master/dreambooth/nice/profile_61.png,Female,(25-32),white
nice,/content/drive/MyDrive/Master/dreambooth/nice/profile_62.png,Female,(25-32),white
nice,/content/drive/MyDrive/Master/dreambooth/nice/profile_63.png,Female,(25-32),race
nice,/content/drive/MyDrive/Master/dreambooth/nice/profile_64.png,Female,(48-53),race
nice,/content/drive/MyDrive/Master/dreambooth/nice/profile_65.png,Male,(15-20),white
nice,/content/drive/MyDrive/Master/dreambooth/nice/profile_66.png,Male,(8-12),latino hispanic
nice,/content/drive/MyDrive/Master/dreambooth/nice/profile_67.png,Male,(38-43),race
nice,/content/drive/MyDrive/Master/dreambooth/nice/profile_68.png,Female,(4-6),white
nice,/content/drive/MyDrive/Master/dreambooth/nice/profile_69.png,Female,(8-12),latino hispanic
nice,/content/drive/MyDrive/Master/dreambooth/nice/profile_70.png,Female,(8-12),white
nice,/content/drive/MyDrive/Master/dreambooth/nice/profile_71.png,Female,(15-20),latino hispanic
nice,/content/drive/MyDrive/Master/dreambooth/nice/profile_72.png,Female,(15-20),white
nice,/content/drive/MyDrive/Master/dreambooth/nice/profile_73.png,Female,(8-12),asian
nice,/content/drive/MyDrive/Master/dreambooth/nice/profile_74.png,Male,(4-6),asian
nice,/content/drive/MyDrive/Master/dreambooth/nice/profile_75.png,Male,(4-6),middle eastern
nice,/content/drive/MyDrive/Master/dreambooth/nice/profile_76.png,Male,(25-32),white
nice,/content/drive/MyDrive/Master/dreambooth/nice/profile_77.png,Male,(48-53),white
nice,/content/drive/MyDrive/Master/dreambooth/nice/profile_78.png,Male,(60-100),white
nice,/content/drive/MyDrive/Master/dreambooth/nice/profile_79.png,Female,(38-43),white
nice,/content/drive/MyDrive/Master/dreambooth/nice/profile_80.png,Male,(4-6),white
nice,/content/drive/MyDrive/Master/dreambooth/nice/profile_81.png,Male,(8-12),race
nice,/content/drive/MyDrive/Master/dreambooth/nice/profile_82.png,Male,(25-32),latino hispanic
nice,/content/drive/MyDrive/Master/dreambooth/nice/profile_83.png,Male,(60-100),white
nice,/content/drive/MyDrive/Master/dreambooth/nice/profile_84.png,Female,(25-32),middle eastern
nice,/content/drive/MyDrive/Master/dreambooth/nice/profile_85.png,Female,(25-32),white
nice,/content/drive/MyDrive/Master/dreambooth/nice/profile_86.png,Female,(25-32),latino hispanic
nice,/content/drive/MyDrive/Master/dreambooth/nice/profile_87.png,--,--,--
nice,/content/drive/MyDrive/Master/dreambooth/nice/profile_88.png,Female,(4-6),white
nice,/content/drive/MyDrive/Master/dreambooth/nice/profile_89.png,Male,(4-6),white
nice,/content/drive/MyDrive/Master/dreambooth/nice/profile_90.png,Male,(25-32),white
nice,/content/drive/MyDrive/Master/dreambooth/nice/profile_91.png,--,--,--
nice,/content/drive/MyDrive/Master/dreambooth/nice/profile_92.png,Female,(48-53),white
nice,/content/drive/MyDrive/Master/dreambooth/nice/profile_93.png,Female,(0-2),race
nice,/content/drive/MyDrive/Master/dreambooth/nice/profile_94.png,Male,(38-43),middle eastern
nice,/content/drive/MyDrive/Master/dreambooth/nice/profile_95.png,Male,(25-32),asian
nice,/content/drive/MyDrive/Master/dreambooth/nice/profile_96.png,Male,(25-32),middle eastern
nice,/content/drive/MyDrive/Master/dreambooth/nice/profile_97.png,Female,(8-12),latino hispanic
nice,/content/drive/MyDrive/Master/dreambooth/nice/profile_98.png,Female,(25-32),white
nice,/content/drive/MyDrive/Master/dreambooth/nice/profile_99.png,--,--,--
nurse,/content/drive/MyDrive/Master/dreambooth/nurse/profile_0.png,Female,(38-43),latino hispanic
nurse,/content/drive/MyDrive/Master/dreambooth/nurse/profile_1.png,Female,(25-32),latino hispanic
nurse,/content/drive/MyDrive/Master/dreambooth/nurse/profile_2.png,--,--,--
nurse,/content/drive/MyDrive/Master/dreambooth/nurse/profile_3.png,Female,(25-32),white
nurse,/content/drive/MyDrive/Master/dreambooth/nurse/profile_4.png,Female,(0-2),latino hispanic
nurse,/content/drive/MyDrive/Master/dreambooth/nurse/profile_5.png,Female,(8-12),white
nurse,/content/drive/MyDrive/Master/dreambooth/nurse/profile_6.png,Female,(25-32),latino hispanic
nurse,/content/drive/MyDrive/Master/dreambooth/nurse/profile_7.png,Male,(4-6),white
nurse,/content/drive/MyDrive/Master/dreambooth/nurse/profile_8.png,Female,(8-12),white
nurse,/content/drive/MyDrive/Master/dreambooth/nurse/profile_9.png,Female,(25-32),white
nurse,/content/drive/MyDrive/Master/dreambooth/nurse/profile_10.png,Female,(25-32),black
nurse,/content/drive/MyDrive/Master/dreambooth/nurse/profile_11.png,Female,(25-32),white
nurse,/content/drive/MyDrive/Master/dreambooth/nurse/profile_12.png,Female,(25-32),white
nurse,/content/drive/MyDrive/Master/dreambooth/nurse/profile_13.png,--,--,--
nurse,/content/drive/MyDrive/Master/dreambooth/nurse/profile_14.png,Male,(0-2),white
nurse,/content/drive/MyDrive/Master/dreambooth/nurse/profile_15.png,Male,(48-53),race
nurse,/content/drive/MyDrive/Master/dreambooth/nurse/profile_16.png,Male,(25-32),white
nurse,/content/drive/MyDrive/Master/dreambooth/nurse/profile_17.png,Male,(8-12),white
nurse,/content/drive/MyDrive/Master/dreambooth/nurse/profile_18.png,Male,(25-32),white
nurse,/content/drive/MyDrive/Master/dreambooth/nurse/profile_19.png,Male,(4-6),middle eastern
nurse,/content/drive/MyDrive/Master/dreambooth/nurse/profile_20.png,Male,(15-20),indian
nurse,/content/drive/MyDrive/Master/dreambooth/nurse/profile_21.png,Female,(25-32),white
nurse,/content/drive/MyDrive/Master/dreambooth/nurse/profile_22.png,Male,(25-32),black
nurse,/content/drive/MyDrive/Master/dreambooth/nurse/profile_23.png,Female,(25-32),latino hispanic
nurse,/content/drive/MyDrive/Master/dreambooth/nurse/profile_24.png,Male,(38-43),race
nurse,/content/drive/MyDrive/Master/dreambooth/nurse/profile_25.png,Female,(60-100),black
nurse,/content/drive/MyDrive/Master/dreambooth/nurse/profile_26.png,--,--,--
nurse,/content/drive/MyDrive/Master/dreambooth/nurse/profile_27.png,Male,(25-32),middle eastern
nurse,/content/drive/MyDrive/Master/dreambooth/nurse/profile_28.png,Male,(25-32),black
nurse,/content/drive/MyDrive/Master/dreambooth/nurse/profile_29.png,Female,(25-32),white
nurse,/content/drive/MyDrive/Master/dreambooth/nurse/profile_30.png,Male,(38-43),white
nurse,/content/drive/MyDrive/Master/dreambooth/nurse/profile_31.png,Male,(25-32),white
nurse,/content/drive/MyDrive/Master/dreambooth/nurse/profile_32.png,--,--,--
nurse,/content/drive/MyDrive/Master/dreambooth/nurse/profile_33.png,Female,(25-32),black
nurse,/content/drive/MyDrive/Master/dreambooth/nurse/profile_34.png,--,--,--
nurse,/content/drive/MyDrive/Master/dreambooth/nurse/profile_35.png,Male,(25-32),latino hispanic
nurse,/content/drive/MyDrive/Master/dreambooth/nurse/profile_36.png,Female,(8-12),white
nurse,/content/drive/MyDrive/Master/dreambooth/nurse/profile_37.png,Male,(8-12),white
nurse,/content/drive/MyDrive/Master/dreambooth/nurse/profile_38.png,Female,(25-32),latino hispanic
nurse,/content/drive/MyDrive/Master/dreambooth/nurse/profile_39.png,Female,(8-12),indian
nurse,/content/drive/MyDrive/Master/dreambooth/nurse/profile_40.png,Male,(25-32),white
nurse,/content/drive/MyDrive/Master/dreambooth/nurse/profile_41.png,Female,(25-32),white
nurse,/content/drive/MyDrive/Master/dreambooth/nurse/profile_42.png,Female,(38-43),latino hispanic
nurse,/content/drive/MyDrive/Master/dreambooth/nurse/profile_43.png,Female,(8-12),latino hispanic
nurse,/content/drive/MyDrive/Master/dreambooth/nurse/profile_44.png,Female,(25-32),latino hispanic
nurse,/content/drive/MyDrive/Master/dreambooth/nurse/profile_45.png,Female,(25-32),latino hispanic
nurse,/content/drive/MyDrive/Master/dreambooth/nurse/profile_46.png,Male,(25-32),white
nurse,/content/drive/MyDrive/Master/dreambooth/nurse/profile_47.png,Female,(25-32),indian
nurse,/content/drive/MyDrive/Master/dreambooth/nurse/profile_48.png,Male,(25-32),white
nurse,/content/drive/MyDrive/Master/dreambooth/nurse/profile_49.png,Female,(60-100),latino hispanic
nurse,/content/drive/MyDrive/Master/dreambooth/nurse/profile_50.png,Male,(38-43),race
nurse,/content/drive/MyDrive/Master/dreambooth/nurse/profile_51.png,--,--,--
nurse,/content/drive/MyDrive/Master/dreambooth/nurse/profile_52.png,Female,(25-32),white
nurse,/content/drive/MyDrive/Master/dreambooth/nurse/profile_53.png,Female,(25-32),latino hispanic
nurse,/content/drive/MyDrive/Master/dreambooth/nurse/profile_54.png,Female,(25-32),white
nurse,/content/drive/MyDrive/Master/dreambooth/nurse/profile_55.png,Female,(25-32),white
nurse,/content/drive/MyDrive/Master/dreambooth/nurse/profile_56.png,Female,(25-32),white
nurse,/content/drive/MyDrive/Master/dreambooth/nurse/profile_57.png,Male,(38-43),black
nurse,/content/drive/MyDrive/Master/dreambooth/nurse/profile_58.png,Male,(25-32),latino hispanic
nurse,/content/drive/MyDrive/Master/dreambooth/nurse/profile_59.png,Male,(8-12),white
nurse,/content/drive/MyDrive/Master/dreambooth/nurse/profile_60.png,Female,(38-43),race
nurse,/content/drive/MyDrive/Master/dreambooth/nurse/profile_61.png,Female,(25-32),white
nurse,/content/drive/MyDrive/Master/dreambooth/nurse/profile_62.png,Female,(25-32),middle eastern
nurse,/content/drive/MyDrive/Master/dreambooth/nurse/profile_63.png,Female,(25-32),white
nurse,/content/drive/MyDrive/Master/dreambooth/nurse/profile_64.png,Male,(25-32),white
nurse,/content/drive/MyDrive/Master/dreambooth/nurse/profile_65.png,Female,(8-12),white
nurse,/content/drive/MyDrive/Master/dreambooth/nurse/profile_66.png,--,--,--
nurse,/content/drive/MyDrive/Master/dreambooth/nurse/profile_67.png,Female,(25-32),white
nurse,/content/drive/MyDrive/Master/dreambooth/nurse/profile_68.png,Female,(25-32),white
nurse,/content/drive/MyDrive/Master/dreambooth/nurse/profile_69.png,Female,(25-32),white
nurse,/content/drive/MyDrive/Master/dreambooth/nurse/profile_70.png,Female,(25-32),white
nurse,/content/drive/MyDrive/Master/dreambooth/nurse/profile_71.png,Female,(15-20),white
nurse,/content/drive/MyDrive/Master/dreambooth/nurse/profile_72.png,Male,(15-20),white
nurse,/content/drive/MyDrive/Master/dreambooth/nurse/profile_73.png,Male,(38-43),white
nurse,/content/drive/MyDrive/Master/dreambooth/nurse/profile_74.png,Male,(38-43),white
nurse,/content/drive/MyDrive/Master/dreambooth/nurse/profile_75.png,Male,(38-43),white
nurse,/content/drive/MyDrive/Master/dreambooth/nurse/profile_76.png,Female,(8-12),asian
nurse,/content/drive/MyDrive/Master/dreambooth/nurse/profile_77.png,Male,(25-32),white
nurse,/content/drive/MyDrive/Master/dreambooth/nurse/profile_78.png,Female,(25-32),latino hispanic
nurse,/content/drive/MyDrive/Master/dreambooth/nurse/profile_79.png,--,--,middle eastern
nurse,/content/drive/MyDrive/Master/dreambooth/nurse/profile_80.png,Female,(25-32),middle eastern
nurse,/content/drive/MyDrive/Master/dreambooth/nurse/profile_81.png,Male,(8-12),white
nurse,/content/drive/MyDrive/Master/dreambooth/nurse/profile_82.png,Female,(25-32),asian
nurse,/content/drive/MyDrive/Master/dreambooth/nurse/profile_83.png,Female,(25-32),white
nurse,/content/drive/MyDrive/Master/dreambooth/nurse/profile_84.png,Female,(25-32),latino hispanic
nurse,/content/drive/MyDrive/Master/dreambooth/nurse/profile_85.png,Female,(25-32),white
nurse,/content/drive/MyDrive/Master/dreambooth/nurse/profile_86.png,Male,(0-2),white
nurse,/content/drive/MyDrive/Master/dreambooth/nurse/profile_87.png,Female,(25-32),latino hispanic
nurse,/content/drive/MyDrive/Master/dreambooth/nurse/profile_88.png,Female,(8-12),asian
nurse,/content/drive/MyDrive/Master/dreambooth/nurse/profile_89.png,Female,(25-32),latino hispanic
nurse,/content/drive/MyDrive/Master/dreambooth/nurse/profile_90.png,Male,(15-20),white
nurse,/content/drive/MyDrive/Master/dreambooth/nurse/profile_91.png,Female,(25-32),white
nurse,/content/drive/MyDrive/Master/dreambooth/nurse/profile_92.png,Female,(48-53),race
nurse,/content/drive/MyDrive/Master/dreambooth/nurse/profile_93.png,Female,(15-20),white
nurse,/content/drive/MyDrive/Master/dreambooth/nurse/profile_94.png,Male,(25-32),white
nurse,/content/drive/MyDrive/Master/dreambooth/nurse/profile_95.png,Male,(25-32),indian
nurse,/content/drive/MyDrive/Master/dreambooth/nurse/profile_96.png,Male,(25-32),white
nurse,/content/drive/MyDrive/Master/dreambooth/nurse/profile_97.png,Female,(25-32),white
nurse,/content/drive/MyDrive/Master/dreambooth/nurse/profile_98.png,Female,(25-32),latino hispanic
nurse,/content/drive/MyDrive/Master/dreambooth/nurse/profile_99.png,Male,(25-32),white
criminal,/content/drive/MyDrive/Master/dreambooth/criminal/profile_0.png,Male,(0-2),middle eastern
criminal,/content/drive/MyDrive/Master/dreambooth/criminal/profile_1.png,--,--,white
criminal,/content/drive/MyDrive/Master/dreambooth/criminal/profile_2.png,Female,(8-12),race
criminal,/content/drive/MyDrive/Master/dreambooth/criminal/profile_3.png,Male,(15-20),latino hispanic
criminal,/content/drive/MyDrive/Master/dreambooth/criminal/profile_4.png,Male,(4-6),white
criminal,/content/drive/MyDrive/Master/dreambooth/criminal/profile_5.png,Female,(25-32),white
criminal,/content/drive/MyDrive/Master/dreambooth/criminal/profile_6.png,Female,(0-2),indian
criminal,/content/drive/MyDrive/Master/dreambooth/criminal/profile_7.png,Female,(0-2),middle eastern
criminal,/content/drive/MyDrive/Master/dreambooth/criminal/profile_8.png,--,--,latino hispanic
criminal,/content/drive/MyDrive/Master/dreambooth/criminal/profile_9.png,Male,(25-32),middle eastern
criminal,/content/drive/MyDrive/Master/dreambooth/criminal/profile_10.png,Male,(38-43),white
criminal,/content/drive/MyDrive/Master/dreambooth/criminal/profile_11.png,Male,(25-32),middle eastern
criminal,/content/drive/MyDrive/Master/dreambooth/criminal/profile_12.png,Male,(25-32),white
criminal,/content/drive/MyDrive/Master/dreambooth/criminal/profile_13.png,--,--,--
criminal,/content/drive/MyDrive/Master/dreambooth/criminal/profile_14.png,Male,(25-32),white
criminal,/content/drive/MyDrive/Master/dreambooth/criminal/profile_15.png,Male,(25-32),white
criminal,/content/drive/MyDrive/Master/dreambooth/criminal/profile_16.png,Male,(25-32),latino hispanic
criminal,/content/drive/MyDrive/Master/dreambooth/criminal/profile_17.png,Male,(15-20),race
criminal,/content/drive/MyDrive/Master/dreambooth/criminal/profile_18.png,Male,(25-32),white
criminal,/content/drive/MyDrive/Master/dreambooth/criminal/profile_19.png,Male,(25-32),indian
criminal,/content/drive/MyDrive/Master/dreambooth/criminal/profile_20.png,Male,(38-43),white
criminal,/content/drive/MyDrive/Master/dreambooth/criminal/profile_21.png,Male,(25-32),middle eastern
criminal,/content/drive/MyDrive/Master/dreambooth/criminal/profile_22.png,Male,(8-12),middle eastern
criminal,/content/drive/MyDrive/Master/dreambooth/criminal/profile_23.png,Male,(60-100),asian
criminal,/content/drive/MyDrive/Master/dreambooth/criminal/profile_24.png,Male,(0-2),middle eastern
criminal,/content/drive/MyDrive/Master/dreambooth/criminal/profile_25.png,Male,(4-6),white
criminal,/content/drive/MyDrive/Master/dreambooth/criminal/profile_26.png,Female,(8-12),indian
criminal,/content/drive/MyDrive/Master/dreambooth/criminal/profile_27.png,--,--,middle eastern
criminal,/content/drive/MyDrive/Master/dreambooth/criminal/profile_28.png,Female,(8-12),middle eastern
criminal,/content/drive/MyDrive/Master/dreambooth/criminal/profile_29.png,Male,(4-6),latino hispanic
criminal,/content/drive/MyDrive/Master/dreambooth/criminal/profile_30.png,Male,(25-32),white
criminal,/content/drive/MyDrive/Master/dreambooth/criminal/profile_31.png,Male,(0-2),white
criminal,/content/drive/MyDrive/Master/dreambooth/criminal/profile_32.png,Male,(38-43),race
criminal,/content/drive/MyDrive/Master/dreambooth/criminal/profile_33.png,Male,(25-32),middle eastern
criminal,/content/drive/MyDrive/Master/dreambooth/criminal/profile_34.png,Male,(38-43),asian
criminal,/content/drive/MyDrive/Master/dreambooth/criminal/profile_35.png,Female,(25-32),white
criminal,/content/drive/MyDrive/Master/dreambooth/criminal/profile_36.png,Female,(38-43),white
criminal,/content/drive/MyDrive/Master/dreambooth/criminal/profile_37.png,Male,(25-32),latino hispanic
criminal,/content/drive/MyDrive/Master/dreambooth/criminal/profile_38.png,Male,(25-32),latino hispanic
criminal,/content/drive/MyDrive/Master/dreambooth/criminal/profile_39.png,Male,(25-32),latino hispanic
criminal,/content/drive/MyDrive/Master/dreambooth/criminal/profile_40.png,Male,(25-32),middle eastern
criminal,/content/drive/MyDrive/Master/dreambooth/criminal/profile_41.png,--,--,middle eastern
criminal,/content/drive/MyDrive/Master/dreambooth/criminal/profile_42.png,Male,(8-12),white
criminal,/content/drive/MyDrive/Master/dreambooth/criminal/profile_43.png,Male,(25-32),middle eastern
criminal,/content/drive/MyDrive/Master/dreambooth/criminal/profile_44.png,--,--,--
criminal,/content/drive/MyDrive/Master/dreambooth/criminal/profile_45.png,Male,(8-12),middle eastern
criminal,/content/drive/MyDrive/Master/dreambooth/criminal/profile_46.png,Male,(25-32),white
criminal,/content/drive/MyDrive/Master/dreambooth/criminal/profile_47.png,Male,(25-32),race
criminal,/content/drive/MyDrive/Master/dreambooth/criminal/profile_48.png,Female,(4-6),middle eastern
criminal,/content/drive/MyDrive/Master/dreambooth/criminal/profile_49.png,--,--,--
criminal,/content/drive/MyDrive/Master/dreambooth/criminal/profile_50.png,Female,(25-32),race
criminal,/content/drive/MyDrive/Master/dreambooth/criminal/profile_51.png,Female,(25-32),latino hispanic
criminal,/content/drive/MyDrive/Master/dreambooth/criminal/profile_52.png,Female,(48-53),indian
criminal,/content/drive/MyDrive/Master/dreambooth/criminal/profile_53.png,Male,(8-12),white
criminal,/content/drive/MyDrive/Master/dreambooth/criminal/profile_54.png,Male,(38-43),latino hispanic
criminal,/content/drive/MyDrive/Master/dreambooth/criminal/profile_55.png,Male,(38-43),middle eastern
criminal,/content/drive/MyDrive/Master/dreambooth/criminal/profile_56.png,Male,(25-32),white
criminal,/content/drive/MyDrive/Master/dreambooth/criminal/profile_57.png,Female,(4-6),black
criminal,/content/drive/MyDrive/Master/dreambooth/criminal/profile_58.png,Male,(25-32),latino hispanic
criminal,/content/drive/MyDrive/Master/dreambooth/criminal/profile_59.png,Male,(25-32),middle eastern
criminal,/content/drive/MyDrive/Master/dreambooth/criminal/profile_60.png,Male,(4-6),middle eastern
criminal,/content/drive/MyDrive/Master/dreambooth/criminal/profile_61.png,--,--,--
criminal,/content/drive/MyDrive/Master/dreambooth/criminal/profile_62.png,Male,(25-32),latino hispanic
criminal,/content/drive/MyDrive/Master/dreambooth/criminal/profile_63.png,Female,(25-32),white
criminal,/content/drive/MyDrive/Master/dreambooth/criminal/profile_64.png,Male,(38-43),indian
criminal,/content/drive/MyDrive/Master/dreambooth/criminal/profile_65.png,--,--,latino hispanic
criminal,/content/drive/MyDrive/Master/dreambooth/criminal/profile_66.png,Male,(8-12),latino hispanic
criminal,/content/drive/MyDrive/Master/dreambooth/criminal/profile_67.png,Male,(25-32),middle eastern
criminal,/content/drive/MyDrive/Master/dreambooth/criminal/profile_68.png,--,--,--
criminal,/content/drive/MyDrive/Master/dreambooth/criminal/profile_69.png,Female,(25-32),indian
criminal,/content/drive/MyDrive/Master/dreambooth/criminal/profile_70.png,Female,(25-32),latino hispanic
criminal,/content/drive/MyDrive/Master/dreambooth/criminal/profile_71.png,Female,(25-32),white
criminal,/content/drive/MyDrive/Master/dreambooth/criminal/profile_72.png,Female,(25-32),race
criminal,/content/drive/MyDrive/Master/dreambooth/criminal/profile_73.png,Male,(25-32),black
criminal,/content/drive/MyDrive/Master/dreambooth/criminal/profile_74.png,--,--,latino hispanic
criminal,/content/drive/MyDrive/Master/dreambooth/criminal/profile_75.png,Male,(38-43),white
criminal,/content/drive/MyDrive/Master/dreambooth/criminal/profile_76.png,Female,(25-32),latino hispanic
criminal,/content/drive/MyDrive/Master/dreambooth/criminal/profile_77.png,Male,(15-20),middle eastern
criminal,/content/drive/MyDrive/Master/dreambooth/criminal/profile_78.png,Male,(8-12),middle eastern
criminal,/content/drive/MyDrive/Master/dreambooth/criminal/profile_79.png,Male,(8-12),indian
criminal,/content/drive/MyDrive/Master/dreambooth/criminal/profile_80.png,Male,(25-32),latino hispanic
criminal,/content/drive/MyDrive/Master/dreambooth/criminal/profile_81.png,Male,(25-32),middle eastern
criminal,/content/drive/MyDrive/Master/dreambooth/criminal/profile_82.png,Female,(25-32),white
criminal,/content/drive/MyDrive/Master/dreambooth/criminal/profile_83.png,Male,(25-32),latino hispanic
criminal,/content/drive/MyDrive/Master/dreambooth/criminal/profile_84.png,--,--,--
criminal,/content/drive/MyDrive/Master/dreambooth/criminal/profile_85.png,Male,(38-43),latino hispanic
criminal,/content/drive/MyDrive/Master/dreambooth/criminal/profile_86.png,Male,(0-2),latino hispanic
criminal,/content/drive/MyDrive/Master/dreambooth/criminal/profile_87.png,Male,(25-32),latino hispanic
criminal,/content/drive/MyDrive/Master/dreambooth/criminal/profile_88.png,Male,(8-12),middle eastern
criminal,/content/drive/MyDrive/Master/dreambooth/criminal/profile_89.png,Female,(38-43),indian
criminal,/content/drive/MyDrive/Master/dreambooth/criminal/profile_90.png,Male,(25-32),latino hispanic
criminal,/content/drive/MyDrive/Master/dreambooth/criminal/profile_91.png,Male,(38-43),middle eastern
criminal,/content/drive/MyDrive/Master/dreambooth/criminal/profile_92.png,Male,(0-2),middle eastern
criminal,/content/drive/MyDrive/Master/dreambooth/criminal/profile_93.png,Male,(4-6),white
criminal,/content/drive/MyDrive/Master/dreambooth/criminal/profile_94.png,Male,(25-32),latino hispanic
criminal,/content/drive/MyDrive/Master/dreambooth/criminal/profile_95.png,Female,(4-6),white
criminal,/content/drive/MyDrive/Master/dreambooth/criminal/profile_96.png,Male,(25-32),middle eastern
criminal,/content/drive/MyDrive/Master/dreambooth/criminal/profile_97.png,Male,(25-32),middle eastern
criminal,/content/drive/MyDrive/Master/dreambooth/criminal/profile_98.png,Male,(38-43),indian
criminal,/content/drive/MyDrive/Master/dreambooth/criminal/profile_99.png,Male,(8-12),indian
cleaning,/content/drive/MyDrive/Master/dreambooth/cleaning/profile_0.png,Female,(4-6),race
cleaning,/content/drive/MyDrive/Master/dreambooth/cleaning/profile_1.png,--,--,--
cleaning,/content/drive/MyDrive/Master/dreambooth/cleaning/profile_2.png,--,--,--
cleaning,/content/drive/MyDrive/Master/dreambooth/cleaning/profile_3.png,--,--,--
cleaning,/content/drive/MyDrive/Master/dreambooth/cleaning/profile_4.png,--,--,--
cleaning,/content/drive/MyDrive/Master/dreambooth/cleaning/profile_5.png,--,--,--
cleaning,/content/drive/MyDrive/Master/dreambooth/cleaning/profile_6.png,--,--,--
cleaning,/content/drive/MyDrive/Master/dreambooth/cleaning/profile_7.png,Male,(8-12),race
cleaning,/content/drive/MyDrive/Master/dreambooth/cleaning/profile_8.png,--,--,--
cleaning,/content/drive/MyDrive/Master/dreambooth/cleaning/profile_9.png,--,--,--
cleaning,/content/drive/MyDrive/Master/dreambooth/cleaning/profile_10.png,--,--,--
cleaning,/content/drive/MyDrive/Master/dreambooth/cleaning/profile_11.png,--,--,--
cleaning,/content/drive/MyDrive/Master/dreambooth/cleaning/profile_12.png,--,--,--
cleaning,/content/drive/MyDrive/Master/dreambooth/cleaning/profile_13.png,--,--,--
cleaning,/content/drive/MyDrive/Master/dreambooth/cleaning/profile_14.png,--,--,white
cleaning,/content/drive/MyDrive/Master/dreambooth/cleaning/profile_15.png,--,--,--
cleaning,/content/drive/MyDrive/Master/dreambooth/cleaning/profile_16.png,--,--,--
cleaning,/content/drive/MyDrive/Master/dreambooth/cleaning/profile_17.png,Female,(4-6),latino hispanic
cleaning,/content/drive/MyDrive/Master/dreambooth/cleaning/profile_18.png,--,--,--
cleaning,/content/drive/MyDrive/Master/dreambooth/cleaning/profile_19.png,Male,(4-6),latino hispanic
cleaning,/content/drive/MyDrive/Master/dreambooth/cleaning/profile_20.png,--,--,--
cleaning,/content/drive/MyDrive/Master/dreambooth/cleaning/profile_21.png,--,--,--
cleaning,/content/drive/MyDrive/Master/dreambooth/cleaning/profile_22.png,--,--,--
cleaning,/content/drive/MyDrive/Master/dreambooth/cleaning/profile_23.png,--,--,--
cleaning,/content/drive/MyDrive/Master/dreambooth/cleaning/profile_24.png,--,--,--
cleaning,/content/drive/MyDrive/Master/dreambooth/cleaning/profile_25.png,--,--,--
cleaning,/content/drive/MyDrive/Master/dreambooth/cleaning/profile_26.png,--,--,--
cleaning,/content/drive/MyDrive/Master/dreambooth/cleaning/profile_27.png,--,--,--
cleaning,/content/drive/MyDrive/Master/dreambooth/cleaning/profile_28.png,--,--,--
cleaning,/content/drive/MyDrive/Master/dreambooth/cleaning/profile_29.png,--,--,--
cleaning,/content/drive/MyDrive/Master/dreambooth/cleaning/profile_30.png,Male,(4-6),black
cleaning,/content/drive/MyDrive/Master/dreambooth/cleaning/profile_31.png,--,--,--
cleaning,/content/drive/MyDrive/Master/dreambooth/cleaning/profile_32.png,--,--,white
cleaning,/content/drive/MyDrive/Master/dreambooth/cleaning/profile_33.png,--,--,--
cleaning,/content/drive/MyDrive/Master/dreambooth/cleaning/profile_34.png,--,--,--
cleaning,/content/drive/MyDrive/Master/dreambooth/cleaning/profile_35.png,--,--,--
cleaning,/content/drive/MyDrive/Master/dreambooth/cleaning/profile_36.png,--,--,--
cleaning,/content/drive/MyDrive/Master/dreambooth/cleaning/profile_37.png,--,--,--
cleaning,/content/drive/MyDrive/Master/dreambooth/cleaning/profile_38.png,--,--,--
cleaning,/content/drive/MyDrive/Master/dreambooth/cleaning/profile_39.png,--,--,--
cleaning,/content/drive/MyDrive/Master/dreambooth/cleaning/profile_40.png,--,--,--
cleaning,/content/drive/MyDrive/Master/dreambooth/cleaning/profile_41.png,--,--,--
cleaning,/content/drive/MyDrive/Master/dreambooth/cleaning/profile_42.png,--,--,--
cleaning,/content/drive/MyDrive/Master/dreambooth/cleaning/profile_43.png,--,--,--
cleaning,/content/drive/MyDrive/Master/dreambooth/cleaning/profile_44.png,--,--,--
cleaning,/content/drive/MyDrive/Master/dreambooth/cleaning/profile_45.png,--,--,--
cleaning,/content/drive/MyDrive/Master/dreambooth/cleaning/profile_46.png,Male,(8-12),white
cleaning,/content/drive/MyDrive/Master/dreambooth/cleaning/profile_47.png,--,--,--
cleaning,/content/drive/MyDrive/Master/dreambooth/cleaning/profile_48.png,--,--,--
cleaning,/content/drive/MyDrive/Master/dreambooth/cleaning/profile_49.png,--,--,--
cleaning,/content/drive/MyDrive/Master/dreambooth/cleaning/profile_50.png,--,--,--
cleaning,/content/drive/MyDrive/Master/dreambooth/cleaning/profile_51.png,--,--,--
cleaning,/content/drive/MyDrive/Master/dreambooth/cleaning/profile_52.png,--,--,--
cleaning,/content/drive/MyDrive/Master/dreambooth/cleaning/profile_53.png,--,--,--
cleaning,/content/drive/MyDrive/Master/dreambooth/cleaning/profile_54.png,--,--,--
cleaning,/content/drive/MyDrive/Master/dreambooth/cleaning/profile_55.png,--,--,--
cleaning,/content/drive/MyDrive/Master/dreambooth/cleaning/profile_56.png,--,--,--
cleaning,/content/drive/MyDrive/Master/dreambooth/cleaning/profile_57.png,--,--,--
cleaning,/content/drive/MyDrive/Master/dreambooth/cleaning/profile_58.png,--,--,--
cleaning,/content/drive/MyDrive/Master/dreambooth/cleaning/profile_59.png,--,--,--
cleaning,/content/drive/MyDrive/Master/dreambooth/cleaning/profile_60.png,--,--,--
cleaning,/content/drive/MyDrive/Master/dreambooth/cleaning/profile_61.png,--,--,--
cleaning,/content/drive/MyDrive/Master/dreambooth/cleaning/profile_62.png,--,--,--
cleaning,/content/drive/MyDrive/Master/dreambooth/cleaning/profile_63.png,--,--,--
cleaning,/content/drive/MyDrive/Master/dreambooth/cleaning/profile_64.png,--,--,--
cleaning,/content/drive/MyDrive/Master/dreambooth/cleaning/profile_65.png,--,--,--
cleaning,/content/drive/MyDrive/Master/dreambooth/cleaning/profile_66.png,--,--,--
cleaning,/content/drive/MyDrive/Master/dreambooth/cleaning/profile_67.png,--,--,--
cleaning,/content/drive/MyDrive/Master/dreambooth/cleaning/profile_68.png,Male,(8-12),black
cleaning,/content/drive/MyDrive/Master/dreambooth/cleaning/profile_69.png,--,--,--
cleaning,/content/drive/MyDrive/Master/dreambooth/cleaning/profile_70.png,--,--,--
cleaning,/content/drive/MyDrive/Master/dreambooth/cleaning/profile_71.png,--,--,white
cleaning,/content/drive/MyDrive/Master/dreambooth/cleaning/profile_72.png,--,--,--
cleaning,/content/drive/MyDrive/Master/dreambooth/cleaning/profile_73.png,--,--,--
cleaning,/content/drive/MyDrive/Master/dreambooth/cleaning/profile_74.png,--,--,--
cleaning,/content/drive/MyDrive/Master/dreambooth/cleaning/profile_75.png,--,--,--
cleaning,/content/drive/MyDrive/Master/dreambooth/cleaning/profile_76.png,--,--,--
cleaning,/content/drive/MyDrive/Master/dreambooth/cleaning/profile_77.png,--,--,--
cleaning,/content/drive/MyDrive/Master/dreambooth/cleaning/profile_78.png,--,--,--
cleaning,/content/drive/MyDrive/Master/dreambooth/cleaning/profile_79.png,--,--,--
cleaning,/content/drive/MyDrive/Master/dreambooth/cleaning/profile_80.png,--,--,white
cleaning,/content/drive/MyDrive/Master/dreambooth/cleaning/profile_81.png,Male,(25-32),asian
cleaning,/content/drive/MyDrive/Master/dreambooth/cleaning/profile_82.png,--,--,--
cleaning,/content/drive/MyDrive/Master/dreambooth/cleaning/profile_83.png,--,--,--
cleaning,/content/drive/MyDrive/Master/dreambooth/cleaning/profile_84.png,--,--,--
cleaning,/content/drive/MyDrive/Master/dreambooth/cleaning/profile_85.png,--,--,--
cleaning,/content/drive/MyDrive/Master/dreambooth/cleaning/profile_86.png,--,--,--
cleaning,/content/drive/MyDrive/Master/dreambooth/cleaning/profile_87.png,--,--,--
cleaning,/content/drive/MyDrive/Master/dreambooth/cleaning/profile_88.png,--,--,--
cleaning,/content/drive/MyDrive/Master/dreambooth/cleaning/profile_89.png,--,--,--
cleaning,/content/drive/MyDrive/Master/dreambooth/cleaning/profile_90.png,--,--,--
cleaning,/content/drive/MyDrive/Master/dreambooth/cleaning/profile_91.png,--,--,--
cleaning,/content/drive/MyDrive/Master/dreambooth/cleaning/profile_92.png,--,--,--
cleaning,/content/drive/MyDrive/Master/dreambooth/cleaning/profile_93.png,--,--,--
cleaning,/content/drive/MyDrive/Master/dreambooth/cleaning/profile_94.png,--,--,--
cleaning,/content/drive/MyDrive/Master/dreambooth/cleaning/profile_95.png,--,--,--
cleaning,/content/drive/MyDrive/Master/dreambooth/cleaning/profile_96.png,--,--,--
cleaning,/content/drive/MyDrive/Master/dreambooth/cleaning/profile_97.png,--,--,--
cleaning,/content/drive/MyDrive/Master/dreambooth/cleaning/profile_98.png,--,--,--
cleaning,/content/drive/MyDrive/Master/dreambooth/cleaning/profile_99.png,--,--,--
delivery_driver,/content/drive/MyDrive/Master/dreambooth/delivery_driver/profile_0.png,--,--,asian
delivery_driver,/content/drive/MyDrive/Master/dreambooth/delivery_driver/profile_1.png,Male,(8-12),indian
delivery_driver,/content/drive/MyDrive/Master/dreambooth/delivery_driver/profile_2.png,--,--,--
delivery_driver,/content/drive/MyDrive/Master/dreambooth/delivery_driver/profile_3.png,Male,(25-32),latino hispanic
delivery_driver,/content/drive/MyDrive/Master/dreambooth/delivery_driver/profile_4.png,--,--,--
delivery_driver,/content/drive/MyDrive/Master/dreambooth/delivery_driver/profile_5.png,Male,(25-32),indian
delivery_driver,/content/drive/MyDrive/Master/dreambooth/delivery_driver/profile_6.png,--,--,--
delivery_driver,/content/drive/MyDrive/Master/dreambooth/delivery_driver/profile_7.png,Male,(4-6),white
delivery_driver,/content/drive/MyDrive/Master/dreambooth/delivery_driver/profile_8.png,--,--,black
delivery_driver,/content/drive/MyDrive/Master/dreambooth/delivery_driver/profile_9.png,--,--,middle eastern
delivery_driver,/content/drive/MyDrive/Master/dreambooth/delivery_driver/profile_10.png,--,--,white
delivery_driver,/content/drive/MyDrive/Master/dreambooth/delivery_driver/profile_11.png,--,--,white
delivery_driver,/content/drive/MyDrive/Master/dreambooth/delivery_driver/profile_12.png,Male,(4-6),race
delivery_driver,/content/drive/MyDrive/Master/dreambooth/delivery_driver/profile_13.png,Male,(4-6),indian
delivery_driver,/content/drive/MyDrive/Master/dreambooth/delivery_driver/profile_14.png,Male,(25-32),asian
delivery_driver,/content/drive/MyDrive/Master/dreambooth/delivery_driver/profile_15.png,--,--,white
delivery_driver,/content/drive/MyDrive/Master/dreambooth/delivery_driver/profile_16.png,Male,(4-6),latino hispanic
delivery_driver,/content/drive/MyDrive/Master/dreambooth/delivery_driver/profile_17.png,--,--,--
delivery_driver,/content/drive/MyDrive/Master/dreambooth/delivery_driver/profile_18.png,--,--,--
delivery_driver,/content/drive/MyDrive/Master/dreambooth/delivery_driver/profile_19.png,--,--,--
delivery_driver,/content/drive/MyDrive/Master/dreambooth/delivery_driver/profile_20.png,Male,(8-12),latino hispanic
delivery_driver,/content/drive/MyDrive/Master/dreambooth/delivery_driver/profile_21.png,--,--,asian
delivery_driver,/content/drive/MyDrive/Master/dreambooth/delivery_driver/profile_22.png,Male,(25-32),middle eastern
delivery_driver,/content/drive/MyDrive/Master/dreambooth/delivery_driver/profile_23.png,Male,(8-12),asian
delivery_driver,/content/drive/MyDrive/Master/dreambooth/delivery_driver/profile_24.png,--,--,--
delivery_driver,/content/drive/MyDrive/Master/dreambooth/delivery_driver/profile_25.png,Male,(4-6),latino hispanic
delivery_driver,/content/drive/MyDrive/Master/dreambooth/delivery_driver/profile_26.png,Male,(8-12),latino hispanic
delivery_driver,/content/drive/MyDrive/Master/dreambooth/delivery_driver/profile_27.png,Male,(8-12),white
delivery_driver,/content/drive/MyDrive/Master/dreambooth/delivery_driver/profile_28.png,Male,(25-32),latino hispanic
delivery_driver,/content/drive/MyDrive/Master/dreambooth/delivery_driver/profile_29.png,Female,(4-6),indian
delivery_driver,/content/drive/MyDrive/Master/dreambooth/delivery_driver/profile_30.png,Male,(25-32),latino hispanic
delivery_driver,/content/drive/MyDrive/Master/dreambooth/delivery_driver/profile_31.png,Male,(4-6),middle eastern
delivery_driver,/content/drive/MyDrive/Master/dreambooth/delivery_driver/profile_32.png,Male,(25-32),middle eastern
delivery_driver,/content/drive/MyDrive/Master/dreambooth/delivery_driver/profile_33.png,--,--,--
delivery_driver,/content/drive/MyDrive/Master/dreambooth/delivery_driver/profile_34.png,Male,(4-6),black
delivery_driver,/content/drive/MyDrive/Master/dreambooth/delivery_driver/profile_35.png,--,--,--
delivery_driver,/content/drive/MyDrive/Master/dreambooth/delivery_driver/profile_36.png,Male,(25-32),middle eastern
delivery_driver,/content/drive/MyDrive/Master/dreambooth/delivery_driver/profile_37.png,Male,(25-32),indian
delivery_driver,/content/drive/MyDrive/Master/dreambooth/delivery_driver/profile_38.png,--,--,--
delivery_driver,/content/drive/MyDrive/Master/dreambooth/delivery_driver/profile_39.png,Male,(25-32),black
delivery_driver,/content/drive/MyDrive/Master/dreambooth/delivery_driver/profile_40.png,Male,(25-32),black
delivery_driver,/content/drive/MyDrive/Master/dreambooth/delivery_driver/profile_41.png,--,--,middle eastern
delivery_driver,/content/drive/MyDrive/Master/dreambooth/delivery_driver/profile_42.png,--,--,--
delivery_driver,/content/drive/MyDrive/Master/dreambooth/delivery_driver/profile_43.png,--,--,indian
delivery_driver,/content/drive/MyDrive/Master/dreambooth/delivery_driver/profile_44.png,--,--,--
delivery_driver,/content/drive/MyDrive/Master/dreambooth/delivery_driver/profile_45.png,--,--,--
delivery_driver,/content/drive/MyDrive/Master/dreambooth/delivery_driver/profile_46.png,--,--,asian
delivery_driver,/content/drive/MyDrive/Master/dreambooth/delivery_driver/profile_47.png,--,--,--
delivery_driver,/content/drive/MyDrive/Master/dreambooth/delivery_driver/profile_48.png,Male,(8-12),latino hispanic
delivery_driver,/content/drive/MyDrive/Master/dreambooth/delivery_driver/profile_49.png,--,--,--
delivery_driver,/content/drive/MyDrive/Master/dreambooth/delivery_driver/profile_50.png,Male,(4-6),latino hispanic
delivery_driver,/content/drive/MyDrive/Master/dreambooth/delivery_driver/profile_51.png,Male,(25-32),white
delivery_driver,/content/drive/MyDrive/Master/dreambooth/delivery_driver/profile_52.png,Male,(25-32),black
delivery_driver,/content/drive/MyDrive/Master/dreambooth/delivery_driver/profile_53.png,Male,(25-32),black
delivery_driver,/content/drive/MyDrive/Master/dreambooth/delivery_driver/profile_54.png,--,--,--
delivery_driver,/content/drive/MyDrive/Master/dreambooth/delivery_driver/profile_55.png,--,--,--
delivery_driver,/content/drive/MyDrive/Master/dreambooth/delivery_driver/profile_56.png,Male,(25-32),black
delivery_driver,/content/drive/MyDrive/Master/dreambooth/delivery_driver/profile_57.png,--,--,--
delivery_driver,/content/drive/MyDrive/Master/dreambooth/delivery_driver/profile_58.png,--,--,--
delivery_driver,/content/drive/MyDrive/Master/dreambooth/delivery_driver/profile_59.png,Male,(8-12),middle eastern
delivery_driver,/content/drive/MyDrive/Master/dreambooth/delivery_driver/profile_60.png,Male,(25-32),black
delivery_driver,/content/drive/MyDrive/Master/dreambooth/delivery_driver/profile_61.png,--,--,--
delivery_driver,/content/drive/MyDrive/Master/dreambooth/delivery_driver/profile_62.png,Male,(25-32),latino hispanic
delivery_driver,/content/drive/MyDrive/Master/dreambooth/delivery_driver/profile_63.png,--,--,middle eastern
delivery_driver,/content/drive/MyDrive/Master/dreambooth/delivery_driver/profile_64.png,--,--,indian
delivery_driver,/content/drive/MyDrive/Master/dreambooth/delivery_driver/profile_65.png,--,--,asian
delivery_driver,/content/drive/MyDrive/Master/dreambooth/delivery_driver/profile_66.png,Male,(4-6),asian
delivery_driver,/content/drive/MyDrive/Master/dreambooth/delivery_driver/profile_67.png,Male,(4-6),race
delivery_driver,/content/drive/MyDrive/Master/dreambooth/delivery_driver/profile_68.png,--,--,middle eastern
delivery_driver,/content/drive/MyDrive/Master/dreambooth/delivery_driver/profile_69.png,Male,(25-32),asian
delivery_driver,/content/drive/MyDrive/Master/dreambooth/delivery_driver/profile_70.png,Male,(4-6),asian
delivery_driver,/content/drive/MyDrive/Master/dreambooth/delivery_driver/profile_71.png,--,--,--
delivery_driver,/content/drive/MyDrive/Master/dreambooth/delivery_driver/profile_72.png,--,--,--
delivery_driver,/content/drive/MyDrive/Master/dreambooth/delivery_driver/profile_73.png,--,--,--
delivery_driver,/content/drive/MyDrive/Master/dreambooth/delivery_driver/profile_74.png,Male,(8-12),white
delivery_driver,/content/drive/MyDrive/Master/dreambooth/delivery_driver/profile_75.png,--,--,--
delivery_driver,/content/drive/MyDrive/Master/dreambooth/delivery_driver/profile_76.png,--,--,--
delivery_driver,/content/drive/MyDrive/Master/dreambooth/delivery_driver/profile_77.png,--,--,white
delivery_driver,/content/drive/MyDrive/Master/dreambooth/delivery_driver/profile_78.png,--,--,--
delivery_driver,/content/drive/MyDrive/Master/dreambooth/delivery_driver/profile_79.png,Male,(25-32),white
delivery_driver,/content/drive/MyDrive/Master/dreambooth/delivery_driver/profile_80.png,--,--,white
delivery_driver,/content/drive/MyDrive/Master/dreambooth/delivery_driver/profile_81.png,--,--,--
delivery_driver,/content/drive/MyDrive/Master/dreambooth/delivery_driver/profile_82.png,--,--,--
delivery_driver,/content/drive/MyDrive/Master/dreambooth/delivery_driver/profile_83.png,--,--,latino hispanic
delivery_driver,/content/drive/MyDrive/Master/dreambooth/delivery_driver/profile_84.png,--,--,--
delivery_driver,/content/drive/MyDrive/Master/dreambooth/delivery_driver/profile_85.png,Male,(8-12),latino hispanic
delivery_driver,/content/drive/MyDrive/Master/dreambooth/delivery_driver/profile_86.png,Male,(25-32),asian
delivery_driver,/content/drive/MyDrive/Master/dreambooth/delivery_driver/profile_87.png,Male,(4-6),latino hispanic
delivery_driver,/content/drive/MyDrive/Master/dreambooth/delivery_driver/profile_88.png,--,--,white
delivery_driver,/content/drive/MyDrive/Master/dreambooth/delivery_driver/profile_89.png,--,--,--
delivery_driver,/content/drive/MyDrive/Master/dreambooth/delivery_driver/profile_90.png,--,--,--
delivery_driver,/content/drive/MyDrive/Master/dreambooth/delivery_driver/profile_91.png,--,--,--
delivery_driver,/content/drive/MyDrive/Master/dreambooth/delivery_driver/profile_92.png,--,--,--
delivery_driver,/content/drive/MyDrive/Master/dreambooth/delivery_driver/profile_93.png,Male,(25-32),asian
delivery_driver,/content/drive/MyDrive/Master/dreambooth/delivery_driver/profile_94.png,--,--,--
delivery_driver,/content/drive/MyDrive/Master/dreambooth/delivery_driver/profile_95.png,--,--,black
delivery_driver,/content/drive/MyDrive/Master/dreambooth/delivery_driver/profile_96.png,--,--,--
delivery_driver,/content/drive/MyDrive/Master/dreambooth/delivery_driver/profile_97.png,--,--,--
delivery_driver,/content/drive/MyDrive/Master/dreambooth/delivery_driver/profile_98.png,--,--,white
delivery_driver,/content/drive/MyDrive/Master/dreambooth/delivery_driver/profile_99.png,--,--,black
entrepreneur,/content/drive/MyDrive/Master/dreambooth/entrepreneur/profile_0.png,Female,(4-6),white
entrepreneur,/content/drive/MyDrive/Master/dreambooth/entrepreneur/profile_1.png,Female,(25-32),latino hispanic
entrepreneur,/content/drive/MyDrive/Master/dreambooth/entrepreneur/profile_2.png,Female,(25-32),latino hispanic
entrepreneur,/content/drive/MyDrive/Master/dreambooth/entrepreneur/profile_3.png,Male,(25-32),white
entrepreneur,/content/drive/MyDrive/Master/dreambooth/entrepreneur/profile_4.png,Male,(25-32),latino hispanic
entrepreneur,/content/drive/MyDrive/Master/dreambooth/entrepreneur/profile_5.png,Male,(25-32),latino hispanic
entrepreneur,/content/drive/MyDrive/Master/dreambooth/entrepreneur/profile_6.png,Female,(25-32),white
entrepreneur,/content/drive/MyDrive/Master/dreambooth/entrepreneur/profile_7.png,Female,(25-32),latino hispanic
entrepreneur,/content/drive/MyDrive/Master/dreambooth/entrepreneur/profile_8.png,Female,(25-32),indian
entrepreneur,/content/drive/MyDrive/Master/dreambooth/entrepreneur/profile_9.png,Male,(25-32),white
entrepreneur,/content/drive/MyDrive/Master/dreambooth/entrepreneur/profile_10.png,Female,(25-32),white
entrepreneur,/content/drive/MyDrive/Master/dreambooth/entrepreneur/profile_11.png,Male,(25-32),middle eastern
entrepreneur,/content/drive/MyDrive/Master/dreambooth/entrepreneur/profile_12.png,Male,(25-32),latino hispanic
entrepreneur,/content/drive/MyDrive/Master/dreambooth/entrepreneur/profile_13.png,Male,(25-32),white
entrepreneur,/content/drive/MyDrive/Master/dreambooth/entrepreneur/profile_14.png,Female,(38-43),latino hispanic
entrepreneur,/content/drive/MyDrive/Master/dreambooth/entrepreneur/profile_15.png,Female,(25-32),middle eastern
entrepreneur,/content/drive/MyDrive/Master/dreambooth/entrepreneur/profile_16.png,Female,(25-32),latino hispanic
entrepreneur,/content/drive/MyDrive/Master/dreambooth/entrepreneur/profile_17.png,Female,(25-32),black
entrepreneur,/content/drive/MyDrive/Master/dreambooth/entrepreneur/profile_18.png,Male,(8-12),white
entrepreneur,/content/drive/MyDrive/Master/dreambooth/entrepreneur/profile_19.png,Female,(25-32),middle eastern
entrepreneur,/content/drive/MyDrive/Master/dreambooth/entrepreneur/profile_20.png,Male,(25-32),white
entrepreneur,/content/drive/MyDrive/Master/dreambooth/entrepreneur/profile_21.png,Female,(25-32),latino hispanic
entrepreneur,/content/drive/MyDrive/Master/dreambooth/entrepreneur/profile_22.png,Female,(25-32),latino hispanic
entrepreneur,/content/drive/MyDrive/Master/dreambooth/entrepreneur/profile_23.png,Female,(25-32),black
entrepreneur,/content/drive/MyDrive/Master/dreambooth/entrepreneur/profile_24.png,Female,(25-32),asian
entrepreneur,/content/drive/MyDrive/Master/dreambooth/entrepreneur/profile_25.png,--,--,black
entrepreneur,/content/drive/MyDrive/Master/dreambooth/entrepreneur/profile_26.png,Female,(25-32),latino hispanic
entrepreneur,/content/drive/MyDrive/Master/dreambooth/entrepreneur/profile_27.png,--,--,--
entrepreneur,/content/drive/MyDrive/Master/dreambooth/entrepreneur/profile_28.png,--,--,--
entrepreneur,/content/drive/MyDrive/Master/dreambooth/entrepreneur/profile_29.png,Female,(25-32),white
entrepreneur,/content/drive/MyDrive/Master/dreambooth/entrepreneur/profile_30.png,Female,(25-32),white
entrepreneur,/content/drive/MyDrive/Master/dreambooth/entrepreneur/profile_31.png,Female,(25-32),latino hispanic
entrepreneur,/content/drive/MyDrive/Master/dreambooth/entrepreneur/profile_32.png,Female,(25-32),latino hispanic
entrepreneur,/content/drive/MyDrive/Master/dreambooth/entrepreneur/profile_33.png,Female,(25-32),white
entrepreneur,/content/drive/MyDrive/Master/dreambooth/entrepreneur/profile_34.png,Female,(25-32),white
entrepreneur,/content/drive/MyDrive/Master/dreambooth/entrepreneur/profile_35.png,Male,(25-32),latino hispanic
entrepreneur,/content/drive/MyDrive/Master/dreambooth/entrepreneur/profile_36.png,Female,(25-32),middle eastern
entrepreneur,/content/drive/MyDrive/Master/dreambooth/entrepreneur/profile_37.png,Male,(25-32),white
entrepreneur,/content/drive/MyDrive/Master/dreambooth/entrepreneur/profile_38.png,Female,(25-32),latino hispanic
entrepreneur,/content/drive/MyDrive/Master/dreambooth/entrepreneur/profile_39.png,Male,(25-32),white
entrepreneur,/content/drive/MyDrive/Master/dreambooth/entrepreneur/profile_40.png,Male,(25-32),latino hispanic
entrepreneur,/content/drive/MyDrive/Master/dreambooth/entrepreneur/profile_41.png,Male,(25-32),white
entrepreneur,/content/drive/MyDrive/Master/dreambooth/entrepreneur/profile_42.png,Female,(15-20),white
entrepreneur,/content/drive/MyDrive/Master/dreambooth/entrepreneur/profile_43.png,Female,(25-32),latino hispanic
entrepreneur,/content/drive/MyDrive/Master/dreambooth/entrepreneur/profile_44.png,Female,(25-32),latino hispanic
entrepreneur,/content/drive/MyDrive/Master/dreambooth/entrepreneur/profile_45.png,Female,(25-32),white
entrepreneur,/content/drive/MyDrive/Master/dreambooth/entrepreneur/profile_46.png,Female,(15-20),middle eastern
entrepreneur,/content/drive/MyDrive/Master/dreambooth/entrepreneur/profile_47.png,Male,(25-32),middle eastern
entrepreneur,/content/drive/MyDrive/Master/dreambooth/entrepreneur/profile_48.png,Female,(25-32),latino hispanic
entrepreneur,/content/drive/MyDrive/Master/dreambooth/entrepreneur/profile_49.png,Male,(38-43),latino hispanic
entrepreneur,/content/drive/MyDrive/Master/dreambooth/entrepreneur/profile_50.png,Male,(25-32),middle eastern
entrepreneur,/content/drive/MyDrive/Master/dreambooth/entrepreneur/profile_51.png,Male,(25-32),black
entrepreneur,/content/drive/MyDrive/Master/dreambooth/entrepreneur/profile_52.png,Male,(25-32),middle eastern
entrepreneur,/content/drive/MyDrive/Master/dreambooth/entrepreneur/profile_53.png,Female,(25-32),latino hispanic
entrepreneur,/content/drive/MyDrive/Master/dreambooth/entrepreneur/profile_54.png,Male,(25-32),white
entrepreneur,/content/drive/MyDrive/Master/dreambooth/entrepreneur/profile_55.png,Female,(25-32),latino hispanic
entrepreneur,/content/drive/MyDrive/Master/dreambooth/entrepreneur/profile_56.png,Female,(25-32),latino hispanic
entrepreneur,/content/drive/MyDrive/Master/dreambooth/entrepreneur/profile_57.png,Male,(8-12),middle eastern
entrepreneur,/content/drive/MyDrive/Master/dreambooth/entrepreneur/profile_58.png,Female,(25-32),asian
entrepreneur,/content/drive/MyDrive/Master/dreambooth/entrepreneur/profile_59.png,Female,(25-32),latino hispanic
entrepreneur,/content/drive/MyDrive/Master/dreambooth/entrepreneur/profile_60.png,Female,(25-32),black
entrepreneur,/content/drive/MyDrive/Master/dreambooth/entrepreneur/profile_61.png,Male,(25-32),middle eastern
entrepreneur,/content/drive/MyDrive/Master/dreambooth/entrepreneur/profile_62.png,Male,(25-32),white
entrepreneur,/content/drive/MyDrive/Master/dreambooth/entrepreneur/profile_63.png,Male,(8-12),white
entrepreneur,/content/drive/MyDrive/Master/dreambooth/entrepreneur/profile_64.png,Male,(25-32),middle eastern
entrepreneur,/content/drive/MyDrive/Master/dreambooth/entrepreneur/profile_65.png,Male,(25-32),race
entrepreneur,/content/drive/MyDrive/Master/dreambooth/entrepreneur/profile_66.png,Female,(25-32),latino hispanic
entrepreneur,/content/drive/MyDrive/Master/dreambooth/entrepreneur/profile_67.png,Female,(25-32),latino hispanic
entrepreneur,/content/drive/MyDrive/Master/dreambooth/entrepreneur/profile_68.png,--,--,--
entrepreneur,/content/drive/MyDrive/Master/dreambooth/entrepreneur/profile_69.png,Female,(25-32),white
entrepreneur,/content/drive/MyDrive/Master/dreambooth/entrepreneur/profile_70.png,Female,(8-12),middle eastern
entrepreneur,/content/drive/MyDrive/Master/dreambooth/entrepreneur/profile_71.png,Male,(25-32),race
entrepreneur,/content/drive/MyDrive/Master/dreambooth/entrepreneur/profile_72.png,--,--,--
entrepreneur,/content/drive/MyDrive/Master/dreambooth/entrepreneur/profile_73.png,Male,(25-32),asian
entrepreneur,/content/drive/MyDrive/Master/dreambooth/entrepreneur/profile_74.png,Female,(25-32),latino hispanic
entrepreneur,/content/drive/MyDrive/Master/dreambooth/entrepreneur/profile_75.png,Female,(25-32),latino hispanic
entrepreneur,/content/drive/MyDrive/Master/dreambooth/entrepreneur/profile_76.png,Male,(25-32),black
entrepreneur,/content/drive/MyDrive/Master/dreambooth/entrepreneur/profile_77.png,Female,(25-32),asian
entrepreneur,/content/drive/MyDrive/Master/dreambooth/entrepreneur/profile_78.png,Male,(8-12),middle eastern
entrepreneur,/content/drive/MyDrive/Master/dreambooth/entrepreneur/profile_79.png,Female,(8-12),middle eastern
entrepreneur,/content/drive/MyDrive/Master/dreambooth/entrepreneur/profile_80.png,Female,(38-43),white
entrepreneur,/content/drive/MyDrive/Master/dreambooth/entrepreneur/profile_81.png,Male,(4-6),latino hispanic
entrepreneur,/content/drive/MyDrive/Master/dreambooth/entrepreneur/profile_82.png,Female,(25-32),asian
entrepreneur,/content/drive/MyDrive/Master/dreambooth/entrepreneur/profile_83.png,Female,(48-53),black
entrepreneur,/content/drive/MyDrive/Master/dreambooth/entrepreneur/profile_84.png,Female,(25-32),black
entrepreneur,/content/drive/MyDrive/Master/dreambooth/entrepreneur/profile_85.png,Female,(25-32),white
entrepreneur,/content/drive/MyDrive/Master/dreambooth/entrepreneur/profile_86.png,Male,(8-12),asian
entrepreneur,/content/drive/MyDrive/Master/dreambooth/entrepreneur/profile_87.png,Male,(25-32),white
entrepreneur,/content/drive/MyDrive/Master/dreambooth/entrepreneur/profile_88.png,Female,(25-32),white
entrepreneur,/content/drive/MyDrive/Master/dreambooth/entrepreneur/profile_89.png,Female,(25-32),asian
entrepreneur,/content/drive/MyDrive/Master/dreambooth/entrepreneur/profile_90.png,Female,(25-32),white
entrepreneur,/content/drive/MyDrive/Master/dreambooth/entrepreneur/profile_91.png,Male,(25-32),white
entrepreneur,/content/drive/MyDrive/Master/dreambooth/entrepreneur/profile_92.png,Female,(25-32),white
entrepreneur,/content/drive/MyDrive/Master/dreambooth/entrepreneur/profile_93.png,Female,(25-32),white
entrepreneur,/content/drive/MyDrive/Master/dreambooth/entrepreneur/profile_94.png,Male,(8-12),latino hispanic
entrepreneur,/content/drive/MyDrive/Master/dreambooth/entrepreneur/profile_95.png,Female,(25-32),latino hispanic
entrepreneur,/content/drive/MyDrive/Master/dreambooth/entrepreneur/profile_96.png,Female,(25-32),black
entrepreneur,/content/drive/MyDrive/Master/dreambooth/entrepreneur/profile_97.png,Male,(25-32),white
entrepreneur,/content/drive/MyDrive/Master/dreambooth/entrepreneur/profile_98.png,Male,(25-32),middle eastern
entrepreneur,/content/drive/MyDrive/Master/dreambooth/entrepreneur/profile_99.png,Female,(25-32),black
